비캔버스 전색상 개미 곤충 종이접기 피그먼트 반팔티, 피그먼트브라운, L, 1개
비캔버스 전색상 선물 Present 내 아이의 행복은 어린이날 선물 피그먼트 반팔티, 피그먼트브라운, L, 1개
비캔버스 전색상 청룡의 해 언박싱 선물 Present 선물을 열때 피그먼트 반팔티, 피그먼트브라운, L, 1개
비캔버스 전색상 백화점 선물 쇼핑천국 쇼핑 카드긁어 포장선물 피그먼트 반팔티, 피그먼트브라운, L, 1개
비캔버스 전색상 백화점 쇼핑 선물상자 선물박스 인터넷쇼핑 피그먼트 반팔티, 피그먼트브라운, L, 1개
비캔버스 전색상 크리스마스 준비 루돌프 선물상자 파티 선물 피그먼트 반팔티, 피그먼트브라운, L, 1개
비캔버스 전색상 북극곰 기후변화 경고 피그먼트 반팔티, 피그먼트브라운, L, 1개
비캔버스 전색상 생일축하 꽃다발 꽃남자 피그먼트 반팔티, 피그먼트브라운, L, 1개
비캔버스 전색상 미인 미녀 롤러블레이드 피그먼트 반팔티, 피그먼트브라운, L, 1개
비캔버스 전색상 골절 응급치료 피그먼트 반팔티, 피그먼트브라운, L, 1개
비캔버스 전색상 현대인삶 패션 가방 신발 피그먼트 반팔티, 피그먼트브라운, L, 1개
비캔버스 전색상 치타 달리기선수 아프리카 피그먼트 반팔티, 피그먼트브라운, L, 1개
비캔버스 전색상 아기코끼리 별 구름 아가 피그먼트 반팔티, 피그먼트브라운, L, 1개
비캔버스 전색상 학생 모바일폰 사진 헤드폰 피그먼트 반팔티, 피그먼트브라운, L, 1개
비캔버스 전색상 눈썰매장 동심놀이 데이트 피그먼트 반팔티, 피그먼트브라운, L, 1개
비캔버스 전색상 셀피 입술 셀카 사진 인기어 피그먼트 반팔티, 피그먼트브라운, L, 1개
비캔버스 전색상 화해 악수 평화 다툼 인정 피그먼트 반팔티, 피그먼트브라운, L, 1개
비캔버스 전색상 열대나무 휴가 피서 여행 피그먼트 반팔티, 피그먼트브라운, L, 1개
비캔버스 전색상 해피썸머 방학 휴가 친구 피그먼트 반팔티, 피그먼트브라운, L, 1개
비캔버스 전색상 복주머니 복받으세요 신년 피그먼트 반팔티, 피그먼트브라운, L, 1개
비캔버스 전색상 장신구 모자 패션 부의상징 피그먼트 반팔티, 피그먼트브라운, L, 1개
비캔버스 전색상 아기거북이 귀요미 꼬북이 피그먼트 반팔티, 피그먼트브라운, L, 1개
비캔버스 전색상 어항 인테리어 물고기 피그먼트 반팔티, 피그먼트브라운, L, 1개
비캔버스 전색상 거실인테리어 식물 피그먼트 반팔티, 피그먼트브라운, L, 1개
비캔버스 전색상 마을지도 동네지도 자동차 피그먼트 반팔티, 피그먼트브라운, L, 1개
비캔버스 전색상 고양이 애완묘 머플러 친구 피그먼트 반팔티, 피그먼트브라운, L, 1개
비캔버스 전색상 눈썰매장 친구 놀이 썰매 피그먼트 반팔티, 피그먼트브라운, L, 1개
비캔버스 전색상 개구리 생각너무많아 복잡해 피그먼트 반팔티, 피그먼트브라운, L, 1개
비캔버스 전색상 아쿠아리움 산호초 해양동물 피그먼트 반팔티, 피그먼트브라운, L, 1개
비캔버스 전색상 온난화 경고 환경변화 피그먼트 반팔티, 피그먼트브라운, L, 1개
비캔버스 전색상 별캐릭터 스노우보드 보드 피그먼트 반팔티, 피그먼트브라운, L, 1개
비캔버스 전색상 너구리 라쿤 동물원 귀욤 피그먼트 반팔티, 피그먼트브라운, L, 1개
비캔버스 전색상 명상 기도 힐링센터 테라피 피그먼트 반팔티, 피그먼트브라운, L, 1개
비캔버스 전색상 도로모양 디자인 교통디자인 피그먼트 반팔티, 피그먼트브라운, L, 1개
비캔버스 전색상 도시녀 패션 코트 겨울패션 피그먼트 반팔티, 피그먼트브라운, L, 1개
비캔버스 전색상 원시시대 불의발견 동굴 피그먼트 반팔티, 피그먼트브라운, L, 1개
비캔버스 전색상 패션 롤로블레이드 미녀 피그먼트 반팔티, 피그먼트브라운, L, 1개
비캔버스 전색상 도시여자 패션 디자이너 피그먼트 반팔티, 피그먼트브라운, L, 1개
비캔버스 전색상 지구온난화 경고 환경변화 피그먼트 반팔티, 피그먼트브라운, L, 1개
비캔버스 전색상 와인동호회 시음 와인모임 피그먼트 반팔티, 피그먼트브라운, L, 1개
비캔버스 전색상 서핑 파도 해양스포츠 여름 피그먼트 반팔티, 피그먼트브라운, L, 1개
비캔버스 전색상 농구 챔피언 스포츠 24초 피그먼트 반팔티, 피그먼트브라운, L, 1개
비캔버스 전색상 물고기 어항 산호초 온도계 피그먼트 반팔티, 피그먼트브라운, L, 1개
비캔버스 전색상 데이트 bar 맥주 건배 beer 피그먼트 반팔티, 피그먼트브라운, L, 1개
비캔버스 전색상 향수 향기 백화점 향수병 피그먼트 반팔티, 피그먼트브라운, L, 1개
비캔버스 전색상 친구 우정 레퍼럴 평판 피그먼트 반팔티, 피그먼트브라운, L, 1개
비캔버스 전색상 비즈니스 팀 원팀 컴퍼니 피그먼트 반팔티, 피그먼트브라운, L, 1개
비캔버스 전색상 꽃 풀 식물 화원 피그먼트 반팔티, 피그먼트브라운, L, 1개
비캔버스 전색상 분홍크림도너츠 디저트 커피 피그먼트 반팔티, 피그먼트브라운, L, 1개
비캔버스 전색상 백발단발소녀 패션 mz세대 피그먼트 반팔티, 피그먼트브라운, L, 1개
비캔버스 전색상 겨울산행 텐트 등산 산악 피그먼트 반팔티, 피그먼트브라운, L, 1개
비캔버스 전색상 눈썰매장 동심세계 놀이 피그먼트 반팔티, 피그먼트브라운, L, 1개
비캔버스 전색상 쓰레기 재활용 자원순환 피그먼트 반팔티, 피그먼트브라운, L, 1개
비캔버스 전색상 곰인형 bear 곰 동물 인형 피그먼트 반팔티, 피그먼트브라운, L, 1개
비캔버스 전색상 커리어우먼 라이프 패션 피그먼트 반팔티, 피그먼트브라운, L, 1개
비캔버스 전색상 물리치료 마사지 응급치료 피그먼트 반팔티, 피그먼트브라운, L, 1개
비캔버스 전색상 오징어 바다생물 해파리 피그먼트 반팔티, 피그먼트브라운, L, 1개
비캔버스 전색상 도시모양 차량통행 도로 피그먼트 반팔티, 피그먼트브라운, L, 1개
비캔버스 전색상 데이트 과일음료 친구 bar 피그먼트 반팔티, 피그먼트브라운, L, 1개
비캔버스 전색상 친구 우정 평판 레퍼럴 피그먼트 반팔티, 피그먼트브라운, L, 1개
비캔버스 전색상 숫자초 숫자2 양초 성냥 피그먼트 반팔티, 피그먼트브라운, L, 1개
비캔버스 전색상 화분 식물 인테리어 녹색 피그먼트 반팔티, 피그먼트브라운, L, 1개
비캔버스 전색상 우주여행 우주복 우주비행 피그먼트 반팔티, 피그먼트브라운, L, 1개
비캔버스 전색상 롤러블레이드 여가 부부 피그먼트 반팔티, 피그먼트브라운, L, 1개
비캔버스 전색상 고슴도치 만화캐릭터 동물 피그먼트 반팔티, 피그먼트브라운, L, 1개
비캔버스 전색상 눈썰매장 튜브 안전 놀이 피그먼트 반팔티, 피그먼트브라운, L, 1개
비캔버스 전색상 여름휴가 할리데이 썸머 피그먼트 반팔티, 피그먼트브라운, L, 1개
비캔버스 전색상 별 스타 장식품 북극성 피그먼트 반팔티, 피그먼트브라운, L, 1개
비캔버스 전색상 서핑보드 바람 파도 물거품 피그먼트 반팔티, 피그먼트브라운, L, 1개
비캔버스 전색상 농구장 농구스포츠 게임 피그먼트 반팔티, 피그먼트브라운, L, 1개
비캔버스 전색상 단짝 포테이토 케찹 세트 피그먼트 반팔티, 피그먼트브라운, L, 1개
비캔버스 전색상 멧돼지 캐릭터 만화주인공 피그먼트 반팔티, 피그먼트브라운, L, 1개
비캔버스 전색상 화장 중성이미지 도시녀 피그먼트 반팔티, 피그먼트브라운, L, 1개
비캔버스 전색상 구두 디자이너 디자인 패션 피그먼트 반팔티, 피그먼트브라운, L, 1개
비캔버스 전색상 서핑보드 낭만 파도 스릴 피그먼트 반팔티, 피그먼트브라운, L, 1개
비캔버스 전색상 농구 농구공 골대 덩크슛 피그먼트 반팔티, 피그먼트브라운, L, 1개
비캔버스 전색상 경고 안전제일 조심 안내 피그먼트 반팔티, 피그먼트브라운, L, 1개
비캔버스 전색상 눈썰매 튜브 재미 스포츠 피그먼트 반팔티, 피그먼트브라운, L, 1개
비캔버스 전색상 화가 미술가 에술가 커피 피그먼트 반팔티, 피그먼트브라운, L, 1개
비캔버스 전색상 응급실 응급치료 보호 피그먼트 반팔티, 피그먼트브라운, L, 1개
비캔버스 전색상 역학 반응 물결 암석 물리 피그먼트 반팔티, 피그먼트브라운, L, 1개
비캔버스 전색상 공유오피스 작업공간 나무 피그먼트 반팔티, 피그먼트브라운, L, 1개
비캔버스 전색상 조감도 도로모양 나무모양 피그먼트 반팔티, 피그먼트브라운, L, 1개
비캔버스 전색상 열대어 어항 장식 인테리어 피그먼트 반팔티, 피그먼트브라운, L, 1개
비캔버스 전색상 붕어빵 커피 겨울 단팥앙꼬 피그먼트 반팔티, 피그먼트브라운, L, 1개
비캔버스 전색상 롤러블레이드 스포츠 놀이 피그먼트 반팔티, 피그먼트브라운, L, 1개
비캔버스 전색상 도너츠 크림 커피 디저트 피그먼트 반팔티, 피그먼트브라운, L, 1개
비캔버스 전색상 눈썰매 튜브썰매 썰매장 피그먼트 반팔티, 피그먼트브라운, L, 1개
비캔버스 전색상 등산클럽 동호회 산악회 피그먼트 반팔티, 피그먼트브라운, L, 1개
비캔버스 전색상 메리크리스마스 성탄절 선물 피그먼트 반팔티, 피그먼트브라운, L, 1개
비캔버스 전색상 병 디자인 바틀 술병 와인 피그먼트 반팔티, 피그먼트브라운, L, 1개
비캔버스 전색상 은방울 트리장식 은색구슬 피그먼트 반팔티, 피그먼트브라운, L, 1개
비캔버스 전색상 비즈니스룩 출근 work 피그먼트 반팔티, 피그먼트브라운, L, 1개
비캔버스 전색상 사모님 파마 미용 데이트 피그먼트 반팔티, 피그먼트브라운, L, 1개
비캔버스 전색상 향수 퍼퓸 향기 화장품 피그먼트 반팔티, 피그먼트브라운, L, 1개
비캔버스 전색상 투호 민속놀이 투호놀이 피그먼트 반팔티, 피그먼트브라운, L, 1개
비캔버스 전색상 우리팀 비즈니스 회사동료 피그먼트 반팔티, 피그먼트브라운, L, 1개
비캔버스 전색상 올빼미 아기 인디언깃털 피그먼트 반팔티, 피그먼트브라운, L, 1개
비캔버스 전색상 산양 귀요미 뿔양 뿔 피그먼트 반팔티, 피그먼트브라운, L, 1개
비캔버스 전색상 도너츠 디저트 커피 한입 피그먼트 반팔티, 피그먼트브라운, L, 1개
비캔버스 전색상 히잡 패션 의복 안경 피그먼트 반팔티, 피그먼트브라운, L, 1개
비캔버스 전색상 도넛 빵집 케이크 초코 피그먼트 반팔티, 피그먼트브라운, L, 1개
비캔버스 전색상 장신구 볼 공 나선형 무늬 피그먼트 반팔티, 피그먼트브라운, L, 1개
비캔버스 전색상 키스 HOT KISS 사랑 정열 피그먼트 반팔티, 피그먼트브라운, L, 1개
비캔버스 전색상 서핑보드 해양스포츠 서핑 피그먼트 반팔티, 피그먼트브라운, L, 1개
비캔버스 전색상 구슬 빛의 움직임 역학 파동 피그먼트 반팔티, 피그먼트브라운, L, 1개
비캔버스 전색상 머스캣 포도 과일 달콤 피그먼트 반팔티, 피그먼트브라운, L, 1개
비캔버스 전색상 팔레트 미술 물감 붓 색 피그먼트 반팔티, 피그먼트브라운, L, 1개
비캔버스 전색상 친구 찻잔 커피 수다 분위기 피그먼트 반팔티, 피그먼트브라운, L, 1개
비캔버스 전색상 여행룩 멋진남자 패션 피그먼트 반팔티, 피그먼트브라운, L, 1개
비캔버스 전색상 오피스 동료 원팀 비즈니스 피그먼트 반팔티, 피그먼트브라운, L, 1개
비캔버스 전색상 숫자 선택 주사위 흑과백 피그먼트 반팔티, 피그먼트브라운, L, 1개
비캔버스 전색상 올빼미 인디언장식 깃털 피그먼트 반팔티, 피그먼트브라운, L, 1개
비캔버스 전색상 길 단풍길 가을풍경 산 피그먼트 반팔티, 피그먼트브라운, L, 1개
비캔버스 전색상 성탄절 루돌프 크리스마스 피그먼트 반팔티, 피그먼트브라운, L, 1개
비캔버스 전색상 와인 친구 데이트 분위기 피그먼트 반팔티, 피그먼트브라운, L, 1개
비캔버스 전색상 골드키위 단면 과일 형광 피그먼트 반팔티, 피그먼트브라운, L, 1개
비캔버스 전색상 VR게임 타차원 게임 공간 피그먼트 반팔티, 피그먼트브라운, L, 1개
비캔버스 전색상 산타올빼미 성탄절 산타모자 피그먼트 반팔티, 피그먼트브라운, L, 1개
비캔버스 전색상 도시남자 모바일 출근룩 피그먼트 반팔티, 피그먼트브라운, L, 1개
비캔버스 전색상 출근룩 헤어 가방 귀걸이 피그먼트 반팔티, 피그먼트브라운, L, 1개
비캔버스 전색상 이집트 미녀 여왕 파라오 피그먼트 반팔티, 피그먼트브라운, L, 1개
비캔버스 전색상 식물 노란꽃 화분 인테리어 피그먼트 반팔티, 피그먼트브라운, L, 1개
비캔버스 전색상 횡단보도 씨티라이프 도시 피그먼트 반팔티, 피그먼트브라운, L, 1개
비캔버스 전색상 융합 물리 양자역학 구슬 피그먼트 반팔티, 피그먼트브라운, L, 1개
비캔버스 전색상 음식 주방 식재료 양념 피그먼트 반팔티, 피그먼트브라운, L, 1개
비캔버스 전색상 런닝맨 페인트 알록달록 피그먼트 반팔티, 피그먼트브라운, L, 1개
비캔버스 전색상 사과 박스 과일선물 포장 피그먼트 반팔티, 피그먼트브라운, L, 1개
비캔버스 전색상 후드티 미남 곱슬머리 패션 피그먼트 반팔티, 피그먼트브라운, L, 1개
비캔버스 전색상 골드무늬 공 펜던트 원형 피그먼트 반팔티, 피그먼트브라운, L, 1개
비캔버스 전색상 가을단풍 공원 은행잎 피그먼트 반팔티, 피그먼트브라운, L, 1개
비캔버스 전색상 VR게임 비행놀이 친구 피그먼트 반팔티, 피그먼트브라운, L, 1개
비캔버스 전색상 거울 마녀거울 공주거울 피그먼트 반팔티, 피그먼트브라운, L, 1개
비캔버스 전색상 심술 덕 오리 노란얼굴 피그먼트 반팔티, 피그먼트브라운, L, 1개
비캔버스 전색상 래프팅 협동 전진 훈련 피그먼트 반팔티, 피그먼트브라운, L, 1개
비캔버스 전색상 성탄절 크리스마스 썰매 피그먼트 반팔티, 피그먼트브라운, L, 1개
비캔버스 전색상 별자리 천칭 리브라 타로 피그먼트 반팔티, 피그먼트브라운, L, 1개
비캔버스 전색상 녹색공 노란연꽃 펜던트 피그먼트 반팔티, 피그먼트브라운, L, 1개
비캔버스 전색상 노란주사위 4 2 1 게임 피그먼트 반팔티, 피그먼트브라운, L, 1개
비캔버스 전색상 티타임 건배 CHEER 피그먼트 반팔티, 피그먼트브라운, L, 1개
비캔버스 전색상 선인장 사막 화분 인테리어 피그먼트 반팔티, 피그먼트브라운, L, 1개
비캔버스 전색상 성탄절 사슴코 별 사슴뿔 피그먼트 반팔티, 피그먼트브라운, L, 1개
비캔버스 전색상 박사 교수 캐릭터 독서 피그먼트 반팔티, 피그먼트브라운, L, 1개
비캔버스 전색상 젊음 활기 에너지 달려라 피그먼트 반팔티, 피그먼트브라운, L, 1개
비캔버스 전색상 뜨개질 색실 핀 실 한땀 피그먼트 반팔티, 피그먼트브라운, L, 1개
비캔버스 전색상 엄마 뜨개질 누나 언니 피그먼트 반팔티, 피그먼트브라운, L, 1개
비캔버스 전색상 바다사자 해양포유류 피그먼트 반팔티, 피그먼트브라운, L, 1개
비캔버스 전색상 선물 올빼미 파티복 축하 피그먼트 반팔티, 피그먼트브라운, L, 1개
비캔버스 전색상 당구 에잇볼 숫자8 당구장 피그먼트 반팔티, 피그먼트브라운, L, 1개
비캔버스 전색상 알파벳 E 외계 괴물 외계인 피그먼트 반팔티, 피그먼트브라운, L, 1개
비캔버스 전색상 기독교 예수 십자가 종교 피그먼트 반팔티, 피그먼트브라운, L, 1개
비캔버스 전색상 자유 프리덤 운동 표현 피그먼트 반팔티, 피그먼트브라운, L, 1개
비캔버스 전색상 촛불 숫자 1 one 돌잔치 피그먼트 반팔티, 피그먼트브라운, L, 1개
비캔버스 전색상 야구 포수 챔피언 단판승부 피그먼트 반팔티, 피그먼트브라운, L, 1개
비캔버스 전색상 겨울장사 붕어빵 잉어빵 피그먼트 반팔티, 피그먼트브라운, L, 1개
비캔버스 전색상 꽃다발 선물 사랑 축하 피그먼트 반팔티, 피그먼트브라운, L, 1개
비캔버스 전색상 FIVE 초 촛불 숫자 5 보라 피그먼트 반팔티, 피그먼트브라운, L, 1개
비캔버스 전색상 명절 포도 상사 포장 박스 피그먼트 반팔티, 피그먼트브라운, L, 1개
비캔버스 전색상 겨울 올빼니 성탄절 모자 피그먼트 반팔티, 피그먼트브라운, L, 1개
비캔버스 전색상 하트 달려라 사랑 런닝 피그먼트 반팔티, 피그먼트브라운, L, 1개
비캔버스 전색상 가상세게 게임 미래사회 피그먼트 반팔티, 피그먼트브라운, L, 1개
비캔버스 전색상 키스 HOT 글자 KISS 피그먼트 반팔티, 피그먼트브라운, L, 1개
비캔버스 전색상 자전거 고양이 바구니 피그먼트 반팔티, 피그먼트브라운, L, 1개
비캔버스 전색상 귀요미 외계동물 괴물 피그먼트 반팔티, 피그먼트브라운, L, 1개
비캔버스 전색상 제빵 빵 브레드 bread 피그먼트 반팔티, 피그먼트브라운, L, 1개
비캔버스 전색상 아보카도 과일 열대 휴가 피그먼트 반팔티, 피그먼트브라운, L, 1개
비캔버스 전색상 사랑 선물 여인 바구니 피그먼트 반팔티, 피그먼트브라운, L, 1개
비캔버스 전색상 외계인 괴물 에일리언 피그먼트 반팔티, 피그먼트브라운, L, 1개
비캔버스 전색상 종교 불교 연꽃 스님 기도 피그먼트 반팔티, 피그먼트브라운, L, 1개
비캔버스 전색상 크로와상 스케치 제과점 피그먼트 반팔티, 피그먼트브라운, L, 1개
비캔버스 전색상 마카롱 디저트 달콤 커피 피그먼트 반팔티, 피그먼트브라운, L, 1개
비캔버스 전색상 눈꽃별 빨간공 장식품 피그먼트 반팔티, 피그먼트브라운, L, 1개
비캔버스 전색상 농구 바스킷볼 토너먼트 피그먼트 반팔티, 피그먼트브라운, L, 1개
비캔버스 전색상 과일 명절 머스캣 한송이 피그먼트 반팔티, 피그먼트브라운, L, 1개
비캔버스 전색상 집사 고양이 화가 그림 피그먼트 반팔티, 피그먼트브라운, L, 1개
비캔버스 전색상 친구 삼각형 refer 피그먼트 반팔티, 피그먼트브라운, L, 1개
비캔버스 전색상 아레나 아이스하키 겨울 피그먼트 반팔티, 피그먼트브라운, L, 1개
비캔버스 전색상 공원 가을 단풍 산책 여행 피그먼트 반팔티, 피그먼트브라운, L, 1개
비캔버스 전색상 과일 사과 상자 선물 명절 피그먼트 반팔티, 피그먼트브라운, L, 1개
비캔버스 전색상 실 가위 목도리 뜨개질 AB 피그먼트 반팔티, 피그먼트브라운, L, 1개
비캔버스 전색상 케팈 초 숫자3 촛불 양초 피그먼트 반팔티, 피그먼트브라운, L, 1개
비캔버스 전색상 양자역학 수정공 융합반응 피그먼트 반팔티, 피그먼트브라운, L, 1개
비캔버스 전색상 민속놀이 명절 제기차기 피그먼트 반팔티, 피그먼트브라운, L, 1개
비캔버스 전색상 핸드폰 모바일폰 여우 책상 피그먼트 반팔티, 피그먼트브라운, L, 1개
비캔버스 전색상 주사위 1 6 5 게임 행운 피그먼트 반팔티, 피그먼트브라운, L, 1개
비캔버스 전색상 청춘 달려라 런닝맨 피그먼트 반팔티, 피그먼트브라운, L, 1개
비캔버스 전색상 수련 연꽃 불교 분홍색꽃 피그먼트 반팔티, 피그먼트브라운, L, 1개
비캔버스 전색상 겨울 붕어빵 목도리 소년 피그먼트 반팔티, 피그먼트브라운, L, 1개
비캔버스 전색상 샤먼 무당 주술사 심장 피그먼트 반팔티, 피그먼트브라운, L, 1개
비캔버스 전색상 생선화석 물고기 뼈 BONE 피그먼트 반팔티, 피그먼트브라운, L, 1개
비캔버스 전색상 하키 장비 아이스하키 퍽 피그먼트 반팔티, 피그먼트브라운, L, 1개
비캔버스 전색상 놀란 고양이 CAT 야옹이냥 피그먼트 반팔티, 피그먼트브라운, L, 1개
비캔버스 전색상 햄버거 버거 BURGER 피그먼트 반팔티, 피그먼트브라운, L, 1개
비캔버스 전색상 오렌지 ORANGE 과일 피그먼트 반팔티, 피그먼트브라운, L, 1개
비캔버스 전색상 야생고양이 카라칼 대형묘 피그먼트 반팔티, 피그먼트브라운, L, 1개
비캔버스 전색상 가을 단풍 공원 자연 휴식 AC 피그먼트 반팔티, 피그먼트브라운, L, 1개
비캔버스 전색상 올빼미 부엉이 재물의 상징 피그먼트 반팔티, 피그먼트브라운, L, 1개
비캔버스 전색상 붕어빵 커피 유원지 겨울 피그먼트 반팔티, 피그먼트브라운, L, 1개
비캔버스 전색상 매 사냥 맹금류 사냥꾼 피그먼트 반팔티, 피그먼트브라운, L, 1개
비캔버스 전색상 마네키네코 고양이 야옹이 피그먼트 반팔티, 피그먼트브라운, L, 1개
비캔버스 전색상 숫자초 행운숫자 7 양초피그먼트 반팔티, 피그먼트브라운, L, 1개
비캔버스 전색상 양주 와인 친구 우정 파티 피그먼트 반팔티, 피그먼트브라운, L, 1개
비캔버스 전색상 씨름 민속놀이 명절 전통 피그먼트 반팔티, 피그먼트브라운, L, 1개
비캔버스 전색상 너는 알았니 물음 나의뜻 피그먼트 반팔티, 피그먼트브라운, L, 1개
비캔버스 전색상 성탄절쿠폰 기프트쿠폰 피그먼트 반팔티, 피그먼트브라운, L, 1개
비캔버스 전색상 과일 사과 사과단면 애플 피그먼트 반팔티, 피그먼트브라운, L, 1개
비캔버스 전색상 자동차 붕붕카 여행 휴가  피그먼트 반팔티, 피그먼트브라운, L, 1개
비캔버스 전색상 소 COW 얼룩소 소얼굴 피그먼트 반팔티, 피그먼트브라운, L, 1개
비캔버스 전색상 중세거울 거울장식 거울 피그먼트 반팔티, 피그먼트브라운, L, 1개
비캔버스 전색상 노란장화 YELLOW 노란신발 피그먼트 반팔티, 피그먼트브라운, L, 1개
비캔버스 전색상 널뛰기 명절놀이 민속놀이 피그먼트 반팔티, 피그먼트브라운, L, 1개
비캔버스 전색상 주사위 4 1 2 운세 게임 피그먼트 반팔티, 피그먼트브라운, L, 1개
비캔버스 전색상 기린커플 기린 아프리카 피그먼트 반팔티, 피그먼트브라운, L, 1개
비캔버스 전색상 3D촬영 가상세계 VR 피그먼트 반팔티, 피그먼트브라운, L, 1개
비캔버스 전색상 달콤한 과일 딸기 스위트피그먼트 반팔티, 피그먼트브라운, L, 1개
비캔버스 전색상 뭐래 어이없음 하마얼굴 피그먼트 반팔티, 피그먼트브라운, L, 1개
비캔버스 전색상 단맛 사탕 초코렛 달콤함 피그먼트 반팔티, 피그먼트브라운, L, 1개
비캔버스 전색상 에일리언 보드 악동 괴물 피그먼트 반팔티, 피그먼트브라운, L, 1개
비캔버스 전색상 맥주 BEER 여름파티 한잔 피그먼트 반팔티, 피그먼트브라운, L, 1개
비캔버스 전색상 MERRY 비키니 해변 미녀 피그먼트 반팔티, 피그먼트브라운, L, 1개
비캔버스 전색상 얼굴그림 스케치 크로키 피그먼트 반팔티, 피그먼트브라운, L, 1개
비캔버스 전색상 복주머니 용의해 DRAGON BA 피그먼트 반팔티, 피그먼트브라운, L, 1개
비캔버스 전색상 출입금지 NO DOGS 안내 피그먼트 반팔티, 피그먼트브라운, L, 1개
비캔버스 전색상 가상현실 VR 별자리 천문 피그먼트 반팔티, 피그먼트브라운, L, 1개
비캔버스 전색상 야자수 HELLO SUMMER 피그먼트 반팔티, 피그먼트브라운, L, 1개
비캔버스 전색상 강아지출입금지 표지안내 피그먼트 반팔티, 피그먼트브라운, L, 1개
비캔버스 전색상 화분 레몬트리 과일 열매 피그먼트 반팔티, 피그먼트브라운, L, 1개
비캔버스 전색상 아이스하키 심판실 레프리 피그먼트 반팔티, 피그먼트브라운, L, 1개
비캔버스 전색상 페인트 미술 아트 그림 피그먼트 반팔티, 피그먼트브라운, L, 1개
비캔버스 전색상 주먹 운동 무사 수련 단련 피그먼트 반팔티, 피그먼트브라운, L, 1개
비캔버스 전색상 용의해 청룡 황룡 드래곤 피그먼트 반팔티, 피그먼트브라운, L, 1개
비캔버스 전색상 생일파티 친구 동료 선물 피그먼트 반팔티, 피그먼트브라운, L, 1개
비캔버스 전색상 전자책 디자인 디자이너 피그먼트 반팔티, 피그먼트브라운, L, 1개
비캔버스 전색상 샤머니즘 삼족오 새그림 피그먼트 반팔티, 피그먼트브라운, L, 1개
비캔버스 전색상 겨울스포츠 아이스하키 피그먼트 반팔티, 피그먼트브라운, L, 1개
비캔버스 전색상 거울디자인 거울모양 피그먼트 반팔티, 피그먼트브라운, L, 1개
비캔버스 전색상 팬더얼굴 화난얼굴 곰 피그먼트 반팔티, 피그먼트브라운, L, 1개
비캔버스 전색상 에일리언 괴물 외계동물 피그먼트 반팔티, 피그먼트브라운, L, 1개
비캔버스 전색상 서핑 여름스포츠 파도 피그먼트 반팔티, 피그먼트브라운, L, 1개
비캔버스 전색상 도너츠 디저트 간식 피그먼트 반팔티, 피그먼트브라운, L, 1개
비캔버스 전색상 장식볼 푸른줄무늬공 피그먼트 반팔티, 피그먼트브라운, L, 1개
비캔버스 전색상 돌고래 돌핀 아쿠아리움 피그먼트 반팔티, 피그먼트브라운, L, 1개
비캔버스 전색상 한글 하하 글자디자인 피그먼트 반팔티, 피그먼트브라운, L, 1개
비캔버스 전색상 사자가문 문양 기사단 피그먼트 반팔티, 피그먼트브라운, L, 1개
비캔버스 전색상 하누카 연속예배성회 피그먼트 반팔티, 피그먼트브라운, L, 1개
비캔버스 전색상 번역기 통역 AI 인공지능 피그먼트 반팔티, 피그먼트브라운, L, 1개
비캔버스 전색상 성탄절 루돌프 야옹이 피그먼트 반팔티, 피그먼트브라운, L, 1개
비캔버스 전색상 고양이 생선 친구 붕어빵 피그먼트 반팔티, 피그먼트브라운, L, 1개
비캔버스 전색상 섬 여행 여름휴가 석양 피그먼트 반팔티, 피그먼트브라운, L, 1개
비캔버스 전색상 럭셔리 쇼핑 휴가 여행 피그먼트 반팔티, 피그먼트브라운, L, 1개
비캔버스 전색상 재활용 환경보호 순환 피그먼트 반팔티, 피그먼트브라운, L, 1개
비캔버스 전색상 순록 사슴 강인한 표정으로 먼곳을 뚜벅뚜벅 피그먼트 반팔티, 피그먼트브라운, L, 1개
비캔버스 전색상 휴향 여름휴가 무인도에 한적한 휴식 파라솔 피그먼트 반팔티, 피그먼트브라운, L, 1개
비캔버스 전색상 우리와 지구를 위한 비건라이프 건강한 세계 피그먼트 반팔티, 피그먼트브라운, L, 1개
비캔버스 전색상 할로윈 HALLOWEEN 전세계의 축제 저녁파티 피그먼트 반팔티, 피그먼트브라운, L, 1개
비캔버스 전색상 MOTERBIKE 경주용 오토바이 날렵하게 달려 피그먼트 반팔티, 피그먼트브라운, L, 1개
비캔버스 전색상 동그라게 눈뜬 돼지 날씬해졌어요 다이어트 피그먼트 반팔티, 피그먼트브라운, L, 1개
비캔버스 전색상 프라이드 치킨 닭다리만 먹어요 고소한 튀김 피그먼트 반팔티, 피그먼트브라운, L, 1개
비캔버스 전색상 비이커 용액을 가열하면 수증기가 나오네요 피그먼트 반팔티, 피그먼트브라운, L, 1개
비캔버스 전색상 귀여운 강아지 사슴뿔머리띠하고 변신했네 피그먼트 반팔티, 피그먼트브라운, L, 1개
비캔버스 전색상 돈나무 비트코인 쑥쑥 자라나는 달러들 수확 피그먼트 반팔티, 피그먼트브라운, L, 1개
비캔버스 전색상 파인애플 레몬 선샤인 눈부시게 밝은 새콤한 피그먼트 반팔티, 피그먼트브라운, L, 1개
비캔버스 전색상 여름즐기기 해변에서 수영하며 데이트하기 피그먼트 반팔티, 피그먼트브라운, L, 1개
비캔버스 전색상 레트로 스타일 고전미 넘치는 가전제품 멋짐 피그먼트 반팔티, 피그먼트브라운, L, 1개
비캔버스 전색상 성냥팔이 소녀 성냥 모두 팔고 행복하게 집 피그먼트 반팔티, 피그먼트브라운, L, 1개
비캔버스 전색상 메리 크리스마스 루돌프 사슴뿔 빨간코 표현 피그먼트 반팔티, 피그먼트브라운, L, 1개
비캔버스 전색상 나들이하는 원숭이 보드타고 씽씽 친구보러 피그먼트 반팔티, 피그먼트브라운, L, 1개
비캔버스 전색상 반짝이는 스타 목걸이 별모양 세련된 아이템 피그먼트 반팔티, 피그먼트브라운, L, 1개
비캔버스 전색상 사무업무 이메일 카드 결제 바쁜 시간 사원 피그먼트 반팔티, 피그먼트브라운, L, 1개
비캔버스 전색상 채식주의 건강한 채소와 과일로 날씬한 몸매 피그먼트 반팔티, 피그먼트브라운, L, 1개
비캔버스 전색상 염화시중 연꽃에서 도를 얻은 부처님 치유해 피그먼트 반팔티, 피그먼트브라운, L, 1개
비캔버스 전색상 악수를 거절 협상결렬 원하는 내용이 달라요 피그먼트 반팔티, 피그먼트브라운, L, 1개
비캔버스 전색상 왕관 기사단이 지키는 왕족 금과 은으로 장식 피그먼트 반팔티, 피그먼트브라운, L, 1개
비캔버스 전색상 CHRISTMAS 성탄절 루돌프 빨간코 선물받기 피그먼트 반팔티, 피그먼트브라운, L, 1개
비캔버스 전색상 사자 정글의 왕자 귀여운 캐릭터로 즐겨봐요 피그먼트 반팔티, 피그먼트브라운, L, 1개
비캔버스 전색상 고릴라 힘쎈 정글의 수호자 강인한 GORILLA 피그먼트 반팔티, 피그먼트브라운, L, 1개
비캔버스 전색상 비이커 화학실험 녹색용액 변신하고 싶어요 피그먼트 반팔티, 피그먼트브라운, L, 1개
비캔버스 전색상 Veganism 야채 채소를 즐겨요 고기육류 노노 피그먼트 반팔티, 피그먼트브라운, L, 1개
비캔버스 전색상 산타크로스 할아버지 성탄 선물 보내주셔요 피그먼트 반팔티, 피그먼트브라운, L, 1개
비캔버스 전색상 유럽 사슴 길게 자란 뿔 산속을 뛰어 다녀요 피그먼트 반팔티, 피그먼트브라운, L, 1개
비캔버스 전색상 CROWD FUNDING 크라우드펀딩 사업 진행 피그먼트 반팔티, 피그먼트브라운, L, 1개
비캔버스 전색상 기린 먹이 달라고 애교부리는 표정 목이 길다 피그먼트 반팔티, 피그먼트브라운, L, 1개
비캔버스 전색상 투구쓴 여전사 피가 흐르는 전투사 기마전투 피그먼트 반팔티, 피그먼트브라운, L, 1개
비캔버스 전색상 환경보호 리사이클 재활용 산업 지구살리기 피그먼트 반팔티, 피그먼트브라운, L, 1개
비캔버스 전색상 겨울 스웨터를 입은 고양이 날 눈밭 안추워 피그먼트 반팔티, 피그먼트브라운, L, 1개
비캔버스 전색상 프랑켄슈타인 박사님 만든 무시무시한 괴물 피그먼트 반팔티, 피그먼트브라운, L, 1개
비캔버스 전색상 술마신 강아지 어제 너무 달렸나 헤롱헤롱 피그먼트 반팔티, 피그먼트브라운, L, 1개
비캔버스 전색상 멧돼지 거친 야생멧돼지의 힘 무조건 힘으로 피그먼트 반팔티, 피그먼트브라운, L, 1개
비캔버스 전색상 크리스마스 산타할아버지 선물들고 오셨어요 피그먼트 반팔티, 피그먼트브라운, L, 1개
비캔버스 전색상 보드타는 용가리 눈감고 운동화신은 캐릭터 피그먼트 반팔티, 피그먼트브라운, L, 1개
비캔버스 전색상 도넛 자판기 알록달록 도넛 맛있게 즐겨보자 피그먼트 반팔티, 피그먼트브라운, L, 1개
비캔버스 전색상 놀라는 토끼소녀 캐릭터 토끼모자 소녀얼굴 피그먼트 반팔티, 피그먼트브라운, L, 1개
비캔버스 전색상 노란색 바나나 건강에도 좋은 간식 원숭이는 피그먼트 반팔티, 피그먼트브라운, L, 1개
비캔버스 전색상 재치있는 문구 감동의 도가니 탕이네여 위트 피그먼트 반팔티, 피그먼트브라운, L, 1개
비캔버스 전색상 BASEBALL ALLSTARTEAM 올스타팀 야구전설 피그먼트 반팔티, 피그먼트브라운, L, 1개
비캔버스 전색상 걱정하는 얼굴 표정 간단하게 얼굴표현하기 피그먼트 반팔티, 피그먼트브라운, L, 1개
비캔버스 전색상 츄러스 맛있는 먹거리 여행하며 CHURROS 피그먼트 반팔티, 피그먼트브라운, L, 1개
비캔버스 전색상 VEGAN 비건 채식주의자 미래산업 채소들을 피그먼트 반팔티, 피그먼트브라운, L, 1개
비캔버스 전색상 제과 자판기 신선한 빵과 과자를 자동화시대 피그먼트 반팔티, 피그먼트브라운, L, 1개
비캔버스 전색상 MZ 세대 나만의 계획 꿈을 향해 다양한 경험 피그먼트 반팔티, 피그먼트브라운, L, 1개
비캔버스 전색상 눈꽃모양 방울추 손공예 잔잔한 카페 어울려 피그먼트 반팔티, 피그먼트브라운, L, 1개
비캔버스 전색상 휴식을 취하는 토끼 RABBIT 귀여운 아기토끼 피그먼트 반팔티, 피그먼트브라운, L, 1개
비캔버스 전색상 RACING CAR 스포츠가 바람을 뚤고 붕붕붕 피그먼트 반팔티, 피그먼트브라운, L, 1개
비캔버스 전색상 원숭이 귀여운 눈망울 장난치고 반성하나요 피그먼트 반팔티, 피그먼트브라운, L, 1개
비캔버스 전색상 방실방실 귀여운 조카 어린이 볼빨간 사춘기 피그먼트 반팔티, 피그먼트브라운, L, 1개
비캔버스 전색상 보드 스키 하얀 눈 설원을 짜릿하게 달려요 피그먼트 반팔티, 피그먼트브라운, L, 1개
비캔버스 전색상 반갑게 달려오는 강아지 언제나 행복한 기억 피그먼트 반팔티, 피그먼트브라운, L, 1개
비캔버스 전색상 기타치는 강아지 영어노래 팝송 즐기며 노래 피그먼트 반팔티, 피그먼트브라운, L, 1개
비캔버스 전색상 대형선박 배 나침반 항로계산 먼바다를 항해 피그먼트 반팔티, 피그먼트브라운, L, 1개
비캔버스 전색상 귀염귀염 판다 코알라 눈주위가 검은색일까 피그먼트 반팔티, 피그먼트브라운, L, 1개
비캔버스 전색상 무사유럽의 기사단 근육질 갑옷 큰 칼과 방패 피그먼트 반팔티, 피그먼트브라운, L, 1개
비캔버스 전색상 재활용 경제적인 시스템 구축 낭비없이 경영 피그먼트 반팔티, 피그먼트브라운, L, 1개
비캔버스 전색상 크리스마스 루돌프 빨간 사슴코 행복을 전달 피그먼트 반팔티, 피그먼트브라운, L, 1개
비캔버스 전색상 HAPPY PUPPY 행복한 강아지 신나는 재롱을 피그먼트 반팔티, 피그먼트브라운, L, 1개
비캔버스 전색상 FIGHTING 힘내자 응원하는 친구들 같이 도전 피그먼트 반팔티, 피그먼트브라운, L, 1개
비캔버스 전색상 할로윈 저녁파티 드라큘라 시간 HALLOWEEN 피그먼트 반팔티, 피그먼트브라운, L, 1개
비캔버스 전색상 ALWAYS 항상 생각하는 중요하고 소중한 일 피그먼트 반팔티, 피그먼트브라운, L, 1개
비캔버스 전색상 연 날리기 민속놀이 KITE FLYING 줄끊기 승부 피그먼트 반팔티, 피그먼트브라운, L, 1개
비캔버스 전색상 십자가에 돌아가심 예수님 피그먼트 반팔티, 피그먼트브라운, L, 1개
비캔버스 전색상 진도견 진도개 사냥개 최고 피그먼트 반팔티, 피그먼트브라운, L, 1개
비캔버스 전색상 실험실 삼각비이커 채워줘요 피그먼트 반팔티, 피그먼트브라운, L, 1개
비캔버스 전색상 상어엄마 상어아이 식사시간 피그먼트 반팔티, 피그먼트브라운, L, 1개
비캔버스 전색상 자원 재활용 라싸이클 피그먼트 반팔티, 피그먼트브라운, L, 1개
비캔버스 전색상 볼이 빵빵한 토끼전 피그먼트 반팔티, 피그먼트브라운, L, 1개
비캔버스 전색상 귀여운 양의 탈을 쓰고 놀자 피그먼트 반팔티, 피그먼트브라운, L, 1개
비캔버스 전색상 헬스맨은 힘이 넘쳐나요 피그먼트 반팔티, 피그먼트브라운, L, 1개
비캔버스 전색상 다양한 양말 색상 모음집 피그먼트 반팔티, 피그먼트브라운, L, 1개
비캔버스 전색상 내 뼈를 빼앗길 수 없어 피그먼트 반팔티, 피그먼트브라운, L, 1개
비캔버스 전색상 메리크리스마스 캘리그라피 피그먼트 반팔티, 피그먼트브라운, L, 1개
비캔버스 전색상 메리크리스마스 목도리 모음 피그먼트 반팔티, 피그먼트브라운, L, 1개
비캔버스 전색상 사랑스런 왕관 하마 피그먼트 반팔티, 피그먼트브라운, L, 1개
비캔버스 전색상 우리 손가락 걸로 약속해요 피그먼트 반팔티, 피그먼트브라운, L, 1개
비캔버스 전색상 당신은 나의 모든것 사랑해요 피그먼트 반팔티, 피그먼트브라운, L, 1개
비캔버스 전색상 말머리 말줄임표 물음표 피그먼트 반팔티, 피그먼트브라운, L, 1개
비캔버스 전색상 책읽다 하품하는 고양이 피그먼트 반팔티, 피그먼트브라운, L, 1개
비캔버스 전색상 SINCE 1847 의미있는 년도 피그먼트 반팔티, 피그먼트브라운, L, 1개
비캔버스 전색상 우린 친구 항소와 암소끼리 피그먼트 반팔티, 피그먼트브라운, L, 1개
비캔버스 전색상 클로버 핀이 있는 웃는 하트 피그먼트 반팔티, 피그먼트브라운, L, 1개
비캔버스 전색상 마냥 웃고있는 곰 아저씨 피그먼트 반팔티, 피그먼트브라운, L, 1개
비캔버스 전색상 쭈글 보라색 팬던트 조명 피그먼트 반팔티, 피그먼트브라운, L, 1개
비캔버스 전색상 빨간 목도리 고양이 피그먼트 반팔티, 피그먼트브라운, L, 1개
비캔버스 전색상 MOUNTAIN 산만 있는 디자인 피그먼트 반팔티, 피그먼트브라운, L, 1개
비캔버스 전색상 산으로 스포츠 캠프 피그먼트 반팔티, 피그먼트브라운, L, 1개
비캔버스 전색상 주황 빛깔의 십자가 기둥 피그먼트 반팔티, 피그먼트브라운, L, 1개
비캔버스 전색상 카우보이 송아지 너가 잡힌다 피그먼트 반팔티, 피그먼트브라운, L, 1개
비캔버스 전색상 빨간리본에 주근깨 소녀  피그먼트 반팔티, 피그먼트브라운, L, 1개
비캔버스 전색상 당근 먹는 귀여운 송아지 피그먼트 반팔티, 피그먼트브라운, L, 1개
비캔버스 전색상 할로윈 가면 쓴 방토맨 피그먼트 반팔티, 피그먼트브라운, L, 1개
비캔버스 전색상 전화를 걸어줘요 PHONE 피그먼트 반팔티, 피그먼트브라운, L, 1개
비캔버스 전색상 몸매 자랑 콘테스트 모두 최고 피그먼트 반팔티, 피그먼트브라운, L, 1개
비캔버스 전색상 정원 가꾸기 흙에 살리라 피그먼트 반팔티, 피그먼트브라운, L, 1개
비캔버스 전색상 핸드폰 산타 할아버지 피그먼트 반팔티, 피그먼트브라운, L, 1개
비캔버스 전색상 헬스맨 근육으로 승부해보자 피그먼트 반팔티, 피그먼트브라운, L, 1개
비캔버스 전색상 할로윈축제 호박등 사러가요 피그먼트 반팔티, 피그먼트브라운, L, 1개
비캔버스 전색상 생일축하 해피버스데이 메롱 피그먼트 반팔티, 피그먼트브라운, L, 1개
비캔버스 전색상 뿔이 있는 들소가 쳐다봐요 피그먼트 반팔티, 피그먼트브라운, L, 1개
비캔버스 전색상 우리기리 사랑할래 하트 뿅뿅 피그먼트 반팔티, 피그먼트브라운, L, 1개
비캔버스 전색상 내손에 있어요 너가 피그먼트 반팔티, 피그먼트브라운, L, 1개
비캔버스 전색상 디저트자판기 벤딩머신 피그먼트 반팔티, 피그먼트브라운, L, 1개
비캔버스 전색상 환경보호 자원절약 에코 피그먼트 반팔티, 피그먼트브라운, L, 1개
비캔버스 전색상 돼지가 슈퍼파워를 가져요 피그먼트 반팔티, 피그먼트브라운, L, 1개
비캔버스 전색상 고양이 프로포즈 아럽유 피그먼트 반팔티, 피그먼트브라운, L, 1개
비캔버스 전색상 너를 생각하며 하트를 보낸다 피그먼트 반팔티, 피그먼트브라운, L, 1개
비캔버스 전색상 미국 상징 황소 무서워 피그먼트 반팔티, 피그먼트브라운, L, 1개
비캔버스 전색상 자원절약 에코백 grocery 피그먼트 반팔티, 피그먼트브라운, L, 1개
비캔버스 전색상 메머드 코끼리 석기시대 피그먼트 반팔티, 피그먼트브라운, L, 1개
비캔버스 전색상 수달인가 아뭏튼 바다에 살아 피그먼트 반팔티, 피그먼트브라운, L, 1개
비캔버스 전색상 우리 사랑하게 해줘요 동물 피그먼트 반팔티, 피그먼트브라운, L, 1개
비캔버스 전색상 동물가족 모임 기린 피그먼트 반팔티, 피그먼트브라운, L, 1개
비캔버스 전색상 헬스맨 머슬맨 근육맨 피그먼트 반팔티, 피그먼트브라운, L, 1개
비캔버스 전색상 따스한 햇살 코큰 앵무새 피그먼트 반팔티, 피그먼트브라운, L, 1개
비캔버스 전색상 과일 요가 과일 이름 몰라 피그먼트 반팔티, 피그먼트브라운, L, 1개
비캔버스 전색상 꽃이 핀 예쁜 선인장 피그먼트 반팔티, 피그먼트브라운, L, 1개
비캔버스 전색상 흑백 불스 눈이 무서워 피그먼트 반팔티, 피그먼트브라운, L, 1개
비캔버스 전색상 바나나 내꼬야 원숭이 피그먼트 반팔티, 피그먼트브라운, L, 1개
비캔버스 전색상 레드문 10월 마지막 금요일 피그먼트 반팔티, 피그먼트브라운, L, 1개
비캔버스 전색상 햄버거 최고 왕관 피그먼트 반팔티, 피그먼트브라운, L, 1개
비캔버스 전색상 웃는 고양이 민트색 피그먼트 반팔티, 피그먼트브라운, L, 1개
비캔버스 전색상 프로야구 올스타 포수 피그먼트 반팔티, 피그먼트브라운, L, 1개
비캔버스 전색상 금색 둥근 팬던트 조명 피그먼트 반팔티, 피그먼트브라운, L, 1개
비캔버스 전색상 인생은 고기서 고기죠 피그먼트 반팔티, 피그먼트브라운, L, 1개
비캔버스 전색상 개구리 깜빡깜박 피그먼트 반팔티, 피그먼트브라운, L, 1개
비캔버스 전색상 바이킹 해적선 가자 바다로 피그먼트 반팔티, 피그먼트브라운, L, 1개
비캔버스 전색상 책 사랑해 고양이 사랑 피그먼트 반팔티, 피그먼트브라운, L, 1개
비캔버스 전색상 카 레이서 빈티지 자동차 피그먼트 반팔티, 피그먼트브라운, L, 1개
비캔버스 전색상 cindo de mayo 멕시코 축제 피그먼트 반팔티, 피그먼트브라운, L, 1개
비캔버스 전색상 야구 동호회 트러피 프로야구 피그먼트 반팔티, 피그먼트브라운, L, 1개
비캔버스 전색상 무서운 인상의 초상 인물화 피그먼트 반팔티, 피그먼트브라운, L, 1개
비캔버스 전색상 실험실 에서 둥근 비이커 피그먼트 반팔티, 피그먼트브라운, L, 1개
비캔버스 전색상 씽꼬 데 마요 멕시코 축제 피그먼트 반팔티, 피그먼트브라운, L, 1개
비캔버스 전색상 공돌이 가족 꿀벌이랑 피그먼트 반팔티, 피그먼트브라운, L, 1개
비캔버스 전색상 귀여운 마스코트 요가 피그먼트 반팔티, 피그먼트브라운, L, 1개
비캔버스 전색상 고래바다 물줄기 찾아서 피그먼트 반팔티, 피그먼트브라운, L, 1개
비캔버스 전색상 전산 데이타 출력물 확인해요 피그먼트 반팔티, 피그먼트브라운, L, 1개
비캔버스 전색상 여행의 즐거움 산행을 가자 피그먼트 반팔티, 피그먼트브라운, L, 1개
비캔버스 전색상 지구를 지키는 비건 라이프 피그먼트 반팔티, 피그먼트브라운, L, 1개
비캔버스 전색상 프로야구 투수가 최고 피그먼트 반팔티, 피그먼트브라운, L, 1개
비캔버스 전색상 커피와 도넛 즐거운 티타임 피그먼트 반팔티, 피그먼트브라운, L, 1개
비캔버스 전색상 호박이야 뭐야 머리띠두르고 피그먼트 반팔티, 피그먼트브라운, L, 1개
비캔버스 전색상 돌고래 바다 똑똑이 피그먼트 반팔티, 피그먼트브라운, L, 1개
비캔버스 전색상 핸드폰속으로 이어폰끼고 피그먼트 반팔티, 피그먼트브라운, L, 1개
비캔버스 전색상 카약 스포츠 클럽 레츠고 피그먼트 반팔티, 피그먼트브라운, L, 1개
비캔버스 전색상 자판기 벤딩머신 피그먼트 반팔티, 피그먼트브라운, L, 1개
비캔버스 전색상 산타크로스 메리크리스마스 피그먼트 반팔티, 피그먼트브라운, L, 1개
비캔버스 전색상 야구 동호회 프로야구 피그먼트 반팔티, 피그먼트브라운, L, 1개
비캔버스 전색상 추상화 인물화 피그먼트 반팔티, 피그먼트브라운, L, 1개
비캔버스 전색상 타코 토르티야 토티아 TACO 멕시코 타코 피그먼트 반팔티, 피그먼트브라운, L, 1개
비캔버스 전색상 열대 우림 새 큰부리 투카노 축하파티 열대 피그먼트 반팔티, 피그먼트브라운, L, 1개
비캔버스 전색상 축하 졸업 새로운시작 학사모 졸업식 인생 피그먼트 반팔티, 피그먼트브라운, L, 1개
비캔버스 전색상 해외여행 안전한 여행되세요 휴가 트립 여행 피그먼트 반팔티, 피그먼트브라운, L, 1개
비캔버스 전색상 선인장 식물 열대식물 여름 뜨거워 더워 핫 피그먼트 반팔티, 피그먼트브라운, L, 1개
비캔버스 전색상 고래 푸른고래 그림 일러스트 조개 불가사리 피그먼트 반팔티, 피그먼트브라운, L, 1개
비캔버스 전색상 모바일쇼핑 쇼핑앱 신발구매 비교견적 가격 피그먼트 반팔티, 피그먼트브라운, L, 1개
비캔버스 전색상 마운틴 산 캠핑카 캠핑구역 자연과함께 혼자 피그먼트 반팔티, 피그먼트브라운, L, 1개
비캔버스 전색상 건강한 비건생활 비거니즘 비건족 당근쥬스 피그먼트 반팔티, 피그먼트브라운, L, 1개
비캔버스 전색상 샐러드자판기 샌드위치자판기 요기 눌러요 피그먼트 반팔티, 피그먼트브라운, L, 1개
비캔버스 전색상 메리크리스마스 산타할아버지 산타클로스 피그먼트 반팔티, 피그먼트브라운, L, 1개
비캔버스 전색상 메리크리스마스 성탄절 글자 디자인 산타 피그먼트 반팔티, 피그먼트브라운, L, 1개
비캔버스 전색상 야채먹으로 베지테리언 피그먼트 반팔티, 피그먼트브라운, L, 1개
비캔버스 전색상 야구 야구대회 시리즈 리그 챔피언십 배트 피그먼트 반팔티, 피그먼트브라운, L, 1개
비캔버스 전색상 비오는날 우산 개미핥기 형제 화분 나무 우비 피그먼트 반팔티, 피그먼트브라운, L, 1개
비캔버스 전색상 요가 필라테스 실내스포츠 몸매관리 유연성 피그먼트 반팔티, 피그먼트브라운, L, 1개
비캔버스 전색상 아웃도러 등산 캠핑 아웃도어장비 방한복 산 피그먼트 반팔티, 피그먼트브라운, L, 1개
비캔버스 전색상 캔디자판기 사탕 자판기 달콤한 골라 알사탕 피그먼트 반팔티, 피그먼트브라운, L, 1개
비캔버스 전색상 눈사람 파란모자 메리 크리스마스 성탄절 피그먼트 반팔티, 피그먼트브라운, L, 1개
비캔버스 전색상 야구 베이스볼 글러브 야구공 배트 LEAGUE 피그먼트 반팔티, 피그먼트브라운, L, 1개
비캔버스 전색상 얼굴 디자인 페이스 초상화 크로키 입체 그림 피그먼트 반팔티, 피그먼트브라운, L, 1개
비캔버스 전색상 모히또 칵테일 애플민트모히또 라임모히또 피그먼트 반팔티, 피그먼트브라운, L, 1개
비캔버스 전색상 고래 바다 블루웨일 SEA 고래의꿈 고래그림 피그먼트 반팔티, 피그먼트브라운, L, 1개
비캔버스 전색상 요가 과일 YAGA 필라테스 실내운동 유연성 피그먼트 반팔티, 피그먼트브라운, L, 1개
비캔버스 전색상 곡류 시리얼 모든곡식 곡물 쌀 밀 보리 식사 피그먼트 반팔티, 피그먼트브라운, L, 1개
비캔버스 전색상 오리 물위의오리 둥둥 꽥꽥 오리인형 물놀이 피그먼트 반팔티, 피그먼트브라운, L, 1개
비캔버스 전색상 숫사슴 루돌프 뿔의 모양 뿔장식 순록 썰매 피그먼트 반팔티, 피그먼트브라운, L, 1개
비캔버스 전색상 토끼 달나라 토끼와 거북이 용궁 래빗 흰토끼 피그먼트 반팔티, 피그먼트브라운, L, 1개
비캔버스 전색상 동물디자인 곰 베어 아기곰 아빠곰 벌크업 피그먼트 반팔티, 피그먼트브라운, L, 1개
비캔버스 전색상 고슴도치 사과 고슴도치분양 키우기 가시 피그먼트 반팔티, 피그먼트브라운, L, 1개
비캔버스 전색상 여우 여우디자인 팍스 FOX 붉은여우 여우 피그먼트 반팔티, 피그먼트브라운, L, 1개
비캔버스 전색상 사슴 뿔 루돌프 크리스마스 성탄절 썰매 순록 피그먼트 반팔티, 피그먼트브라운, L, 1개
비캔버스 전색상 댄스 동아리 스포츠 삼바 사랑 동호회 미녀 피그먼트 반팔티, 피그먼트브라운, L, 1개
비캔버스 전색상 새해인사 해피뉴이어 메리크리스마스 트리 피그먼트 반팔티, 피그먼트브라운, L, 1개
비캔버스 전색상 성공 명언 세미나 성공방법 성공강의 행복 피그먼트 반팔티, 피그먼트브라운, L, 1개
비캔버스 전색상 성공 명언 세미나 보편적인 것 특별 잘하는것 피그먼트 반팔티, 피그먼트브라운, L, 1개
비캔버스 전색상 완벽한 순간은 없다 완벽하게 만들어 갈 뿐 피그먼트 반팔티, 피그먼트브라운, L, 1개
비캔버스 전색상 목표설정 세미나 명언 목적지 변경하지 말라 피그먼트 반팔티, 피그먼트브라운, L, 1개
비캔버스 전색상 미래창조 명언 예언 세미나 미래 예언 창조 피그먼트 반팔티, 피그먼트브라운, L, 1개
비캔버스 전색상 너 자신을 믿어라 마음가짐 마인드컨트롤 피그먼트 반팔티, 피그먼트브라운, L, 1개
비캔버스 전색상 성공 마음가짐 마인드컨트롤 마인드강화 성공 피그먼트 반팔티, 피그먼트브라운, L, 1개
비캔버스 전색상 라스베가 여행 네바다주 미국여행 도시 피그먼트 반팔티, 피그먼트브라운, L, 1개
비캔버스 전색상 지겨워 재미있는거 없나 악어 앨리게이터 피그먼트 반팔티, 피그먼트브라운, L, 1개
비캔버스 전색상 전율 떨림 공포스러운 두려움 추위 긴장 오싹 피그먼트 반팔티, 피그먼트브라운, L, 1개
비캔버스 전색상 마이하트 선물 내심장 너한테 주고 싶어 사랑 피그먼트 반팔티, 피그먼트브라운, L, 1개
비캔버스 전색상 입 닥치고 있어 비밀지켜 영어문장 입모양 피그먼트 반팔티, 피그먼트브라운, L, 1개
비캔버스 전색상 빨간악마 뿔달린빨간소 레드악마 메롱 뿔 피그먼트 반팔티, 피그먼트브라운, L, 1개
비캔버스 전색상 쉬워 EASY 이지 어렵지않아 쉬운것 알파벳 피그먼트 반팔티, 피그먼트브라운, L, 1개
비캔버스 전색상 원숭이 날 만지지마 날 조롱 괴롭히지마 몽키 피그먼트 반팔티, 피그먼트브라운, L, 1개
비캔버스 전색상 내감정을 알아 두유노우 마이필링즈 감정폭발 피그먼트 반팔티, 피그먼트브라운, L, 1개
비캔버스 전색상 애플 다르지만 좋은 친구들 사과 애벌레 사과 피그먼트 반팔티, 피그먼트브라운, L, 1개
비캔버스 전색상 6월 5일 환경의 날 지구보호 환경보호 지구 피그먼트 반팔티, 피그먼트브라운, L, 1개
비캔버스 전색상 독립운동 전쟁 자유 민주화운동 국가유공자 피그먼트 반팔티, 피그먼트브라운, L, 1개
비캔버스 전색상 썸머 할리데이 여름 휴가 피서 비키니 수영장 피그먼트 반팔티, 피그먼트브라운, L, 1개
비캔버스 전색상 세계환경의 날 환경보호 기후변화 지구온난화 피그먼트 반팔티, 피그먼트브라운, L, 1개
비캔버스 전색상 썸머 할리데이 여름 피서 여행 바닷가 섬나라 피그먼트 반팔티, 피그먼트브라운, L, 1개
비캔버스 전색상 썸머 할리데이 여름 휴가 산 자동차여행 해변 피그먼트 반팔티, 피그먼트브라운, L, 1개
비캔버스 전색상 썸머 할리데이 여름 휴가 피서 산으로 바다로 피그먼트 반팔티, 피그먼트브라운, L, 1개
비캔버스 전색상 썸머 할리데이 여름 휴가 피서 산 바다 해변 피그먼트 반팔티, 피그먼트브라운, L, 1개
비캔버스 전색상 썸머 할리데이 여름 휴가 피서 여행 산 바다 피그먼트 반팔티, 피그먼트브라운, L, 1개
비캔버스 전색상 한국여행 한복 고궁 어서와 한국이 처음이지 피그먼트 반팔티, 피그먼트브라운, L, 1개
비캔버스 전색상 고양이 CAT 그들은 전에 너를 본적이 없어 피그먼트 반팔티, 피그먼트브라운, L, 1개
비캔버스 전색상 고양이 난 뭘할지 잘 모르겠어 책 북 게으름 피그먼트 반팔티, 피그먼트브라운, L, 1개
비캔버스 전색상 그사람 이상한 사람이지 프렌즈대사 고양이 피그먼트 반팔티, 피그먼트브라운, L, 1개
비캔버스 전색상 혹과 머리카락조각 HUMP 톱날 곱추에 가발 피그먼트 반팔티, 피그먼트브라운, L, 1개
비캔버스 전색상 삼바 축제 여인 삼바춤 카니발 알파벳디자인 피그먼트 반팔티, 피그먼트브라운, L, 1개
비캔버스 전색상 너구리 외로움 홀로서기 나도 애완견 라쿤 피그먼트 반팔티, 피그먼트브라운, L, 1개
비캔버스 전색상 삼바 삼바축제 삼바여인 삼바춤 카니발 헬로우 피그먼트 반팔티, 피그먼트브라운, L, 1개
비캔버스 전색상 삼바 삼바축제 여인 삼바춤 리오 브라질수도 피그먼트 반팔티, 피그먼트브라운, L, 1개
비캔버스 전색상 브라질 야자수 샌들 태양 브라질해변 삼바춤 피그먼트 반팔티, 피그먼트브라운, L, 1개
비캔버스 전색상 삼바 삼바축제 삼바여인 삼바춤 카니발 깃털 피그먼트 반팔티, 피그먼트브라운, L, 1개
비캔버스 전색상 삼바 삼바축제 삼바여인 삼바춤 카니발 브라질 피그먼트 반팔티, 피그먼트브라운, L, 1개
비캔버스 전색상 와우 여름이다 백화점 세일기간 야자수 썸머 피그먼트 반팔티, 피그먼트브라운, L, 1개
비캔버스 전색상 와우 여름이다 해안가 파티 야자수 썸머타임 피그먼트 반팔티, 피그먼트브라운, L, 1개
비캔버스 전색상 와우 여름이다 야자수 썸머타임 SUMMER 섬 피그먼트 반팔티, 피그먼트브라운, L, 1개
비캔버스 전색상 와우 여름 해피썸머 야자수 파인애플 남태평양 피그먼트 반팔티, 피그먼트브라운, L, 1개
비캔버스 전색상 삼바 축제 여인 삼바춤 카니발 리오데자네이루 피그먼트 반팔티, 피그먼트브라운, L, 1개
비캔버스 전색상 삼바 축제 삼바여인 춤 남미댄스 열정의 나라 피그먼트 반팔티, 피그먼트브라운, L, 1개
비캔버스 전색상 삼바 삼바축제 여인 삼바춤 남미댄스 브라질 피그먼트 반팔티, 피그먼트브라운, L, 1개
비캔버스 전색상 축구 공 축구화 축구유니폼 게임 경기 드리볼 피그먼트 반팔티, 피그먼트브라운, L, 1개
비캔버스 전색상 삼바 삼바축제 삼바여인 치어리더 길거리행진 피그먼트 반팔티, 피그먼트브라운, L, 1개
비캔버스 전색상 녹색모자 광대 분위기메이커 길거리 버스킹 피그먼트 반팔티, 피그먼트브라운, L, 1개
비캔버스 전색상 보라색모자 나팔 길거리연주 버스킹 연예인 피그먼트 반팔티, 피그먼트브라운, L, 1개
비캔버스 전색상 녹색모자 기타쟁이 기타리스트 길거리노래 피그먼트 반팔티, 피그먼트브라운, L, 1개
비캔버스 전색상 꽃 분홍꽃 수련화 녹색줄기 노란봉우리 꽃집 피그먼트 반팔티, 피그먼트브라운, L, 1개
비캔버스 전색상 여름 썸머 휴가 휴양지 열대나무잎 SUMMER 피그먼트 반팔티, 피그먼트브라운, L, 1개
비캔버스 전색상 소싸움 민속놀이 명절 기선제압 힘겨루기 전통 피그먼트 반팔티, 피그먼트브라운, L, 1개
비캔버스 전색상 도형 기하학 원형 타원형 원기둥 원통 전시품 피그먼트 반팔티, 피그먼트브라운, L, 1개
비캔버스 전색상 도형 기하학 원형 타원형 원기둥 사각블럭 피그먼트 반팔티, 피그먼트브라운, L, 1개
비캔버스 전색상 약물중독 약의 힘 사는 여인 알약 약물과다 피그먼트 반팔티, 피그먼트브라운, L, 1개
비캔버스 전색상 와우 여름이다 해변여행 강아지 푸들 밀집모자 피그먼트 반팔티, 피그먼트브라운, L, 1개
비캔버스 전색상 꽃장식 꽃모자 코카스 본인이 이쁜줄 강아지 피그먼트 반팔티, 피그먼트브라운, L, 1개
비캔버스 전색상 꽃장식 꽃모자 리트리버 본인이 이쁜줄 아는 피그먼트 반팔티, 피그먼트브라운, L, 1개
비캔버스 전색상 산타할아버지 잠시휴식 배달의 원조 선물배달 피그먼트 반팔티, 피그먼트브라운, L, 1개
비캔버스 전색상 굴뚝타기 선물 산타할아버지 눈내리는 성탄절 피그먼트 반팔티, 피그먼트브라운, L, 1개
비캔버스 전색상 긍정적생각 긍정으로 살아라 좋은글 좋은문장 피그먼트 반팔티, 피그먼트브라운, L, 1개
비캔버스 전색상 오리 거위 새 사냥꾼 밀렵꾼 사냥금지 멸종 피그먼트 반팔티, 피그먼트브라운, L, 1개
비캔버스 전색상 코끼리 사냥꾼 동물보호 아프리카 밀렵꾼 피그먼트 반팔티, 피그먼트브라운, L, 1개
비캔버스 전색상 부부싸움 쇼핑중독 나가 겟아웃 백화점 쇼핑 피그먼트 반팔티, 피그먼트브라운, L, 1개
비캔버스 전색상 여름 해변의 여인 야자수 나뭇잎 단발머리 피그먼트 반팔티, 피그먼트브라운, L, 1개
비캔버스 전색상 인삼 풍기 정력 활력 기운내요 파이팅 금산 피그먼트 반팔티, 피그먼트브라운, L, 1개
비캔버스 전색상 홍학 도도한 새 분홍빛 새 이쁜새 플라밍고 피그먼트 반팔티, 피그먼트브라운, L, 1개
비캔버스 전색상 꽃 나무 여름꽃 붉은꽃 식물 나무 수채화 화초 피그먼트 반팔티, 피그먼트브라운, L, 1개
비캔버스 전색상 썸머 할리데이 여름휴가 서핑보드 수영복 샌들 피그먼트 반팔티, 피그먼트브라운, L, 1개
비캔버스 전색상 썸머 할리데이 여름휴가 불가사리 요트 갈매기 피그먼트 반팔티, 피그먼트브라운, L, 1개
비캔버스 전색상 수영하는 하마 멋쟁이 피서중인 하마 음료수 피그먼트 반팔티, 피그먼트브라운, L, 1개
비캔버스 전색상 공증 천칭자리 법원 공증사무실 변호사 공식적 피그먼트 반팔티, 피그먼트브라운, L, 1개
비캔버스 전색상 우주선 행성 태양계 우주인 지구 스타 별 토성 피그먼트 반팔티, 피그먼트브라운, L, 1개
비캔버스 전색상 자신감 뿜뿜 멋진팀 팀워크 슈퍼팀 오피스팀 피그먼트 반팔티, 피그먼트브라운, L, 1개
비캔버스 전색상 대학 식물 환경보호 지구보호 영국유학 공부 피그먼트 반팔티, 피그먼트브라운, L, 1개
비캔버스 전색상 커플댄스 라틴댄스 춤학원 댄스학원 파트너 피그먼트 반팔티, 피그먼트브라운, L, 1개
비캔버스 전색상 공사장 일용직 건설현장 시멘트배합 시공현장 피그먼트 반팔티, 피그먼트브라운, L, 1개
비캔버스 전색상 응급구조 어르신보호 노인보호 요양 심장마비 피그먼트 반팔티, 피그먼트브라운, L, 1개
비캔버스 전색상 생각실현 아이디어 실현하는 풍선 공장 실행 피그먼트 반팔티, 피그먼트브라운, L, 1개
비캔버스 전색상 축구장 축구 사커 골대 챔피언 SOCCER 동호회 피그먼트 반팔티, 피그먼트브라운, L, 1개
비캔버스 전색상 당근주스 채소주스 베지터블 식물인간 녹색 피그먼트 반팔티, 피그먼트브라운, L, 1개
비캔버스 전색상 다울월드 풍선 놀이동산 서커스 마술 회전목마 피그먼트 반팔티, 피그먼트브라운, L, 1개
비캔버스 전색상 사막 DESERT 오아시스를 찾아라 선인장 사막 피그먼트 반팔티, 피그먼트브라운, L, 1개
비캔버스 전색상 산타할아버지 산타클로스 메리크리스마스 피그먼트 반팔티, 피그먼트브라운, L, 1개
비캔버스 전색상 FRUIT 과일 애플 사과 붉은사과 빨간사과 과일 피그먼트 반팔티, 피그먼트브라운, L, 1개
비캔버스 전색상 응급조치 화재위험 소화작업 응급구조 화재 피그먼트 반팔티, 피그먼트브라운, L, 1개
비캔버스 전색상 논리회로 게임논리 주식 막대봉 스톡옵션 피그먼트 반팔티, 피그먼트브라운, L, 1개
비캔버스 전색상 점박이 강아지 귀요미 애교쟁이 뒹글뒹글 친구 피그먼트 반팔티, 피그먼트브라운, L, 1개
비캔버스 전색상 세계시민 다양한 사람 여러 민족 인종 다민족 피그먼트 반팔티, 피그먼트브라운, L, 1개
비캔버스 전색상 북극성 별 스타 크리스마스 트리 장식 태양신 피그먼트 반팔티, 피그먼트브라운, L, 1개
비캔버스 전색상 개인방송 E스포츠 응원 파이팅 우승 팀워크 피그먼트 반팔티, 피그먼트브라운, L, 1개
비캔버스 전색상 코알라 나무에 매달린 호주대표동물 KOALA 피그먼트 반팔티, 피그먼트브라운, L, 1개
비캔버스 전색상 바가지머리 헤어스타일 투톤색 패션니스타 피그먼트 반팔티, 피그먼트브라운, L, 1개
비캔버스 전색상 금지 코로나바이러스 멈춰 손을 씻으세요 피그먼트 반팔티, 피그먼트브라운, L, 1개
비캔버스 전색상 아이스크림 막대아이스크림 하드바 파란색 피그먼트 반팔티, 피그먼트브라운, L, 1개
비캔버스 전색상 디자이너 커피 통화중 전화받아 골치아픈여자 피그먼트 반팔티, 피그먼트브라운, L, 1개
비캔버스 전색상 가족썰매 눈썰매장 볼슬레이 겨울놀이 여행 피그먼트 반팔티, 피그먼트브라운, L, 1개
비캔버스 전색상 구슬치기 옛날놀이 구슬 알록달록 다마 추억 피그먼트 반팔티, 피그먼트브라운, L, 1개
비캔버스 전색상 서핑 파도 해양스포츠 SURFING 여름 썸머 피그먼트 반팔티, 피그먼트브라운, L, 1개
비캔버스 전색상 응급구조 응급처치 응급구조사 병간호 간병인 피그먼트 반팔티, 피그먼트브라운, L, 1개
비캔버스 전색상 사과쨈 배쨈 딸기잼 달콤한 쨈 과일쨈 스위트 피그먼트 반팔티, 피그먼트브라운, L, 1개
비캔버스 전색상 인공지능 번역기 회화 외국어 연습 동시통역 피그먼트 반팔티, 피그먼트브라운, L, 1개
비캔버스 전색상 산타강아지 해피뉴이어 메리크리스마스 새해 피그먼트 반팔티, 피그먼트브라운, L, 1개
비캔버스 전색상 곰돌이 라이언 사자 펭귄 여우 고양이 너구리 피그먼트 반팔티, 피그먼트브라운, L, 1개
비캔버스 전색상 단백질 프로틴 생선 광어 도다리 가자미 음식 피그먼트 반팔티, 피그먼트브라운, L, 1개
비캔버스 전색상 육각별 오각별 스타 두개의 삼각형 도형놀이 피그먼트 반팔티, 피그먼트브라운, L, 1개
비캔버스 전색상 아기새 새피곤 사우나 분홍색모자 분홍이불 피그먼트 반팔티, 피그먼트브라운, L, 1개
비캔버스 전색상 거미 스파이더 갈색 SPIDER 거미줄 다리8개 피그먼트 반팔티, 피그먼트브라운, L, 1개
비캔버스 전색상 따듯한 겨울 소원 펭귄과 고슴도치 썰매타기 피그먼트 반팔티, 피그먼트브라운, L, 1개
비캔버스 전색상 홈쇼핑 음식요리 개인방송 주방 요리강의 SNS 피그먼트 반팔티, 피그먼트브라운, L, 1개
비캔버스 전색상 수험생 시험공부 학교강의 연구자료 온라인 피그먼트 반팔티, 피그먼트브라운, L, 1개
비캔버스 전색상 MZ패션 오버핏 선글라스 커피한잔 헤드폰 피그먼트 반팔티, 피그먼트브라운, L, 1개
비캔버스 전색상 과일꼬치 안녕 나 과일집합체야 달달한 것 귤 피그먼트 반팔티, 피그먼트브라운, L, 1개
비캔버스 전색상 화학반응 연구실 연구자 가열반응 삼각 기구 피그먼트 반팔티, 피그먼트브라운, L, 1개
비캔버스 전색상 우유병 밀크 밀크 젖소우유 낙농 우유판매점 피그먼트 반팔티, 피그먼트브라운, L, 1개
비캔버스 전색상 블랙불독 불도그 BULLDOG 검은불독 반려견 피그먼트 반팔티, 피그먼트브라운, L, 1개
비캔버스 전색상 공증사무실 공증인 법원 판사 변호사 공증 피그먼트 반팔티, 피그먼트브라운, L, 1개
비캔버스 전색상 지구과학 삼각함수 벡터 측량 측정 앱 공간 피그먼트 반팔티, 피그먼트브라운, L, 1개
비캔버스 전색상 중세시대 중세유럽성문 달 드라큘라백작 유령 피그먼트 반팔티, 피그먼트브라운, L, 1개
비캔버스 전색상 명탐정 천칭 평등 지문 돋보기 형사 법과 정의 피그먼트 반팔티, 피그먼트브라운, L, 1개
비캔버스 전색상 야구 베이스볼 모자 오늘의 플레이어 MVP 피그먼트 반팔티, 피그먼트브라운, L, 1개
비캔버스 전색상 공증 법과 정의 보호 법전 법원 변호사 판사 피그먼트 반팔티, 피그먼트브라운, L, 1개
비캔버스 전색상 가족게임 아버지와 나 부자게임 콘솔박스 아빠 피그먼트 반팔티, 피그먼트브라운, L, 1개
비캔버스 전색상 그림 색깔 색칠 일러스트 포토샵 작업 그림 피그먼트 반팔티, 피그먼트브라운, L, 1개
비캔버스 전색상 달콤한 인생 스윗 케이크 체리 컵케이크 인생 피그먼트 반팔티, 피그먼트브라운, L, 1개
비캔버스 전색상 과일꼬치 귤 청포도 마시멜로 꼬치 방울토마토 피그먼트 반팔티, 피그먼트브라운, L, 1개
비캔버스 전색상 멋쟁이 시계 쿨가이 양머리 샐러리맨 사업가 피그먼트 반팔티, 피그먼트브라운, L, 1개
비캔버스 전색상 마술사 심령술사 마녀 초생달 별자리 마법사 피그먼트 반팔티, 피그먼트브라운, L, 1개
비캔버스 전색상 배구대회 씨위드어스 발리볼컵대회 남자배구 피그먼트 반팔티, 피그먼트브라운, L, 1개
비캔버스 전색상 성탄절 징글벨 종소리 골든벨 따뜻한소원 피그먼트 반팔티, 피그먼트브라운, L, 1개
비캔버스 전색상 한국사수업 역사 고대사연구 고조선 고백신 피그먼트 반팔티, 피그먼트브라운, L, 1개
비캔버스 전색상 버라이어티 가격전략 다양한 방식의 할인전략 피그먼트 반팔티, 피그먼트브라운, L, 1개
비캔버스 전색상 게임 콘솔박스 E스포츠 플레이게임 가상공간 피그먼트 반팔티, 피그먼트브라운, L, 1개
비캔버스 전색상 회사생활 선배와의 대화 동기와의 대화 커피 피그먼트 반팔티, 피그먼트브라운, L, 1개
비캔버스 전색상 귀여운 강아지 별사탕 반짝반짝 별사탕막대 피그먼트 반팔티, 피그먼트브라운, L, 1개
비캔버스 전색상 스켈레톤 해골 총알 뼈대 골격 공포 무서움 피그먼트 반팔티, 피그먼트브라운, L, 1개
비캔버스 전색상 아기고양이 야옹 귀여운 애완묘 반려묘 애교 피그먼트 반팔티, 피그먼트브라운, L, 1개
비캔버스 전색상 스타 별 노란별 옐로우스타 골드스타 왕별 피그먼트 반팔티, 피그먼트브라운, L, 1개
비캔버스 전색상 게임 친구 E스포츠 컨트롤러 차세대 플레이 피그먼트 반팔티, 피그먼트브라운, L, 1개
비캔버스 전색상 고층건물 건축시공현장 타워크레인 철골철근 피그먼트 반팔티, 피그먼트브라운, L, 1개
비캔버스 전색상 크리스마스트리 녹색나선형 별 스타 성탄절 피그먼트 반팔티, 피그먼트브라운, L, 1개
비캔버스 전색상 인공호흡 응급처치 안전사고 위급상황 119 피그먼트 반팔티, 피그먼트브라운, L, 1개
비캔버스 전색상 온라인게임 우승자 트로피 챔피언 메달리스트 피그먼트 반팔티, 피그먼트브라운, L, 1개
비캔버스 전색상 한가로운 오후 거실에 커피한잔 강아지와 나 피그먼트 반팔티, 피그먼트브라운, L, 1개
비캔버스 전색상 온라인 메일 영상파일 음악 디지털노마드 SNS 피그먼트 반팔티, 피그먼트브라운, L, 1개
비캔버스 전색상 별과 달 스타 망원경 밤하늘의 별 천체운동 피그먼트 반팔티, 피그먼트브라운, L, 1개
비캔버스 전색상 전기공사현장 전기감전사고 응급구조 안전 피그먼트 반팔티, 피그먼트브라운, L, 1개
비캔버스 전색상 블랙불독 강아지얼굴 퍼피 애완견 검은색 피그먼트 반팔티, 피그먼트브라운, L, 1개
비캔버스 전색상 젖소 엄마소아기소 대관령젖소 우유 젖소농장 피그먼트 반팔티, 피그먼트브라운, L, 1개
비캔버스 전색상 화학실험실 현미경 생물학 미생물실험실 연구 피그먼트 반팔티, 피그먼트브라운, L, 1개
비캔버스 전색상 요즘남편 없던 아빠 아이들과 육아휴직 가정 피그먼트 반팔티, 피그먼트브라운, L, 1개
비캔버스 전색상 승리의 기쁨 단체전 우성 게임챔피언 E스포츠 피그먼트 반팔티, 피그먼트브라운, L, 1개
비캔버스 전색상 민중의 지팡이 지도 견 시민 봉사 피그먼트 반팔티, 피그먼트브라운, L, 1개
비캔버스 전색상 겨울 눈사람 가족놀이 눈을 굴려 당근코 모자 피그먼트 반팔티, 피그먼트브라운, L, 1개
비캔버스 전색상 휴식 여유 커피한잔 독서 도서관 대화 명상 피그먼트 반팔티, 피그먼트브라운, L, 1개
비캔버스 전색상 월이름 요일 주 계획표 해야할 일 일정표작성 피그먼트 반팔티, 피그먼트브라운, L, 1개
비캔버스 전색상 학창시절 패션니스타 교회오빠 대학생 예술계 피그먼트 반팔티, 피그먼트브라운, L, 1개
비캔버스 전색상 강아지 당황한 얼굴 헉 허걱 정신없는 강아지 피그먼트 반팔티, 피그먼트브라운, L, 1개
비캔버스 전색상 노란바탕에 그린 사람얼굴 스케치작업 미술 피그먼트 반팔티, 피그먼트브라운, L, 1개
비캔버스 전색상 사자얼굴 태양신 사자 자리 레오 레귤루스 피그먼트 반팔티, 피그먼트브라운, L, 1개
비캔버스 전색상 펑크 재즈 리듬앤블루스 소울 강한비트음악 피그먼트 반팔티, 피그먼트브라운, L, 1개
비캔버스 전색상 원격수업 대면수업 과외 대학교 강의 인터넷 피그먼트 반팔티, 피그먼트브라운, L, 1개
비캔버스 전색상 모자쓴 소년 스케이트 보드 날아라 슈퍼보드 피그먼트 반팔티, 피그먼트브라운, L, 1개
비캔버스 전색상 물감 미술수업 학원 팔레트 색칠공부 미술교육 피그먼트 반팔티, 피그먼트브라운, L, 1개
비캔버스 전색상 승마 경주 마사회 승마복장 승마장 승마대회 피그먼트 반팔티, 피그먼트브라운, L, 1개
비캔버스 전색상 영어단어 디자인 스페셜 알파벳단어 S 특별해 피그먼트 반팔티, 피그먼트브라운, L, 1개
비캔버스 전색상 배구 발리볼 스파이크서브 리시브 배구경기 피그먼트 반팔티, 피그먼트브라운, L, 1개
비캔버스 전색상 축구 축구공 골키퍼 사커 축구공은 둥글다 피그먼트 반팔티, 피그먼트브라운, L, 1개
비캔버스 전색상 고양이 붉은 얼굴 가면 고양이 마스코트 야옹 피그먼트 반팔티, 피그먼트브라운, L, 1개
비캔버스 전색상 카누 카약 여행 계곡여행 스포츠 산림 KAYAK 피그먼트 반팔티, 피그먼트브라운, L, 1개
비캔버스 전색상 팀워크 우리는 최강팀 회사동료 도서관 대학 피그먼트 반팔티, 피그먼트브라운, L, 1개
비캔버스 전색상 노란별 스타 하얀달 보름달 별과달 반짝반짝 피그먼트 반팔티, 피그먼트브라운, L, 1개
비캔버스 전색상 일본고양이 얼굴 CAT 마네키네코 가면 미소 피그먼트 반팔티, 피그먼트브라운, L, 1개
비캔버스 전색상 학교생활 스쿨버스 지구본 램프 번뜩아이디어 피그먼트 반팔티, 피그먼트브라운, L, 1개
비캔버스 전색상 음악 기타 영상 미디어 헤드폰 연주하는 남자 피그먼트 반팔티, 피그먼트브라운, L, 1개
비캔버스 전색상 과일꼬치 막대과일 알록달록 달콤한 마시멜로 피그먼트 반팔티, 피그먼트브라운, L, 1개
비캔버스 전색상 건축공사 건설공사 현장 안전관리 시공자철골 피그먼트 반팔티, 피그먼트브라운, L, 1개
비캔버스 전색상 산타클로스 산타할아버지 크리스마스 성탄절 피그먼트 반팔티, 피그먼트브라운, L, 1개
비캔버스 전색상 야구 유니폼 야구장비 경기 스포츠 BASEBALL 피그먼트 반팔티, 피그먼트브라운, L, 1개
비캔버스 전색상 강아지 푸들 브라운푸들 아임히어 I AM HERE 피그먼트 반팔티, 피그먼트브라운, L, 1개
비캔버스 전색상 알파벳 디자인 Z 제브라 얼룩말 ZEBRA 영어 피그먼트 반팔티, 피그먼트브라운, L, 1개
비캔버스 전색상 겨울낚시 FISHING 얼음낚시 겨울풍경 놀이 피그먼트 반팔티, 피그먼트브라운, L, 1개
비캔버스 전색상 모호 추상적인 그림 도형 선 배경그림 녹색 피그먼트 반팔티, 피그먼트브라운, L, 1개
비캔버스 전색상 공증 공명정대 NOTARY 천칭 법조 법원 저울 피그먼트 반팔티, 피그먼트브라운, L, 1개
비캔버스 전색상 악어 알파벳 A 디자인 엘리게이터 ABC 영어 피그먼트 반팔티, 피그먼트브라운, L, 1개
비캔버스 전색상 디저트 간식 달달한 빵 케잌 러브 당 매니아 피그먼트 반팔티, 피그먼트브라운, L, 1개
비캔버스 전색상 강아지 친구 꽃길만 걸어라 뛰어노는 강아지 피그먼트 반팔티, 피그먼트브라운, L, 1개
비캔버스 전색상 따뜻한 우리의 소원 글자디자인 알파벳단어 피그먼트 반팔티, 피그먼트브라운, L, 1개
비캔버스 전색상 크리스마스 트리 즐거운 성탄절 파티준비 눈 피그먼트 반팔티, 피그먼트브라운, L, 1개
비캔버스 전색상 축구 선수 골대 축구공 11명 오프사이드 승부 피그먼트 반팔티, 피그먼트브라운, L, 1개
비캔버스 전색상 공명정대 정의 심판 법원 판사 법정싸움 천칭 피그먼트 반팔티, 피그먼트브라운, L, 1개
비캔버스 전색상 응급구조 119 구조연습 교육 응급처치 훈련 피그먼트 반팔티, 피그먼트브라운, L, 1개
비캔버스 전색상 비몽사몽 잠 부족 강아지 개졸려 개피곤 휴식 피그먼트 반팔티, 피그먼트브라운, L, 1개
비캔버스 전색상 과일가게 딸기 박스포장 스트로베리 있어요 피그먼트 반팔티, 피그먼트브라운, L, 1개
비캔버스 전색상 겨울스포츠 스노우보드 시범 강의 레슨 와우 피그먼트 반팔티, 피그먼트브라운, L, 1개
비캔버스 전색상 윙크하는 코알라 메롱 코알라 호주 인형얼굴 피그먼트 반팔티, 피그먼트브라운, L, 1개
비캔버스 전색상 실험실 화학공학 원자구조 양자역학 생물공학 피그먼트 반팔티, 피그먼트브라운, L, 1개
비캔버스 전색상 건축사 설계도면 건축학과 건축현장 시공현장 피그먼트 반팔티, 피그먼트브라운, L, 1개
비캔버스 전색상 강아지 즐거운 도그 개즐거워 개해피 행복해 피그먼트 반팔티, 피그먼트브라운, L, 1개
비캔버스 전색상 여름 미인 피서지 휴가 여행 중동 이집트 하트 피그먼트 반팔티, 피그먼트브라운, L, 1개
비캔버스 전색상 자연 보호 에코활동 나무 숲 구름 재생 환경 피그먼트 반팔티, 피그먼트브라운, L, 1개
비캔버스 전색상 겨울분위기 연기 굴뚝 눈 풍경 소나무 이야기 피그먼트 반팔티, 피그먼트브라운, L, 1개
비캔버스 전색상 도서관 스터디 카페 시험 테스트 글쓰기 선생 피그먼트 반팔티, 피그먼트브라운, L, 1개
비캔버스 전색상 과일 꼬치 형형색색 가게 간식 이쁜 디저트 피그먼트 반팔티, 피그먼트브라운, L, 1개
비캔버스 전색상 정의의 심판자 폴리스 수갑 무전기 모자 피그먼트 반팔티, 피그먼트브라운, L, 1개
비캔버스 전색상 안녕 이방인 헬로우 스트레인져 우주인 스타 피그먼트 반팔티, 피그먼트브라운, L, 1개
비캔버스 전색상 곰 작은곰자리 큰곰자리 별자리 달빛샤머니즘 피그먼트 반팔티, 피그먼트브라운, L, 1개
비캔버스 전색상 화가 비둘기 빵 새 식량확보 그림그리는 화가 피그먼트 반팔티, 피그먼트브라운, L, 1개
비캔버스 전색상 딸기 과일 가게 농산물시장 포장박스 신선한 피그먼트 반팔티, 피그먼트브라운, L, 1개
비캔버스 전색상 과학실 실험실 화학실 화학자 위험물 연구실 피그먼트 반팔티, 피그먼트브라운, L, 1개
비캔버스 전색상 장미 사랑 고백 흑장미 백장미 장미꽃 백송이 피그먼트 반팔티, 피그먼트브라운, L, 1개
비캔버스 전색상 산타클로스 성탄절 루돌프 크리스마스 뿔장식 피그먼트 반팔티, 피그먼트브라운, L, 1개
비캔버스 전색상 안경 멋진남 간지남 샐러리맨 연구원 깔끔한 피그먼트 반팔티, 피그먼트브라운, L, 1개
비캔버스 전색상 신선과일가게 신선농산물시장 딸기과일가게 피그먼트 반팔티, 피그먼트브라운, L, 1개
비캔버스 전색상 겨울 배경화면 디자인 식물디자인 겨울추상 피그먼트 반팔티, 피그먼트브라운, L, 1개
비캔버스 전색상 원격게임 원격수업 화상회의 화상수업 원격 피그먼트 반팔티, 피그먼트브라운, L, 1개
비캔버스 전색상 친구 여가시간 놀이 실내게임 PC게임 대학생 피그먼트 반팔티, 피그먼트브라운, L, 1개
비캔버스 전색상 가면 마스트 도깨비 사자얼굴 도깨비탈 오니 피그먼트 반팔티, 피그먼트브라운, L, 1개
비캔버스 전색상 법원 공증인 재판부 법과 정의 깃털 판사 신전 피그먼트 반팔티, 피그먼트브라운, L, 1개
비캔버스 전색상 태양계행성 수금지화목토 천왕성 해왕성 태양 피그먼트 반팔티, 피그먼트브라운, L, 1개
비캔버스 전색상 기하학도형 장식디자인 검은색 분홍색 배경 피그먼트 반팔티, 피그먼트브라운, L, 1개
비캔버스 전색상 마이크 노래방 가수재능 사회자 돌잡이 돌잔치 피그먼트 반팔티, 피그먼트브라운, L, 1개
비캔버스 전색상 딸기 가게 딸기포장 빨간색 과일 딸기주스재료 피그먼트 반팔티, 피그먼트브라운, L, 1개
비캔버스 전색상 학원 학교 경제수업 돈 카드 돼지저금통 달러 피그먼트 반팔티, 피그먼트브라운, L, 1개
비캔버스 전색상 민중의지팡이 법원 재판 변호사 판사검사공증 피그먼트 반팔티, 피그먼트브라운, L, 1개
비캔버스 전색상 일본고양이 인형 마네키네코 복고양이 행운 피그먼트 반팔티, 피그먼트브라운, L, 1개
비캔버스 전색상 폴아웃 점프 스카이다이빙 낙하산 공포 스릴 피그먼트 반팔티, 피그먼트브라운, L, 1개
비캔버스 전색상 쓰리스타 삼색별 3회챔피언 STAR 별 내가슴에 피그먼트 반팔티, 피그먼트브라운, L, 1개
비캔버스 전색상 겨울 커플데이트 스케이트장 빨간모자 얼음위 피그먼트 반팔티, 피그먼트브라운, L, 1개
비캔버스 전색상 전구 디자인 별 스타 노란별 반짝반짝 파란색 피그먼트 반팔티, 피그먼트브라운, L, 1개
비캔버스 전색상 참새 비둘기 새 식빵먹는 비둘기 식빵 아기새 피그먼트 반팔티, 피그먼트브라운, L, 1개
비캔버스 전색상 스키 겨울스포츠 눈 설원 SKI 스키강좌 강사 피그먼트 반팔티, 피그먼트브라운, L, 1개
비캔버스 전색상 중세유럽 성벽 유럽건축 중세도시 캐슬디자인 피그먼트 반팔티, 피그먼트브라운, L, 1개
비캔버스 전색상 만두 만두가게 찐만두 군만구 만두생활 명절 피그먼트 반팔티, 피그먼트브라운, L, 1개
비캔버스 전색상 회사생활 우수사원 능력자 팀원 베스트사원 피그먼트 반팔티, 피그먼트브라운, L, 1개
비캔버스 전색상 와우 간지남 드라마 나온 남자 일본 인기록커 피그먼트 반팔티, 피그먼트브라운, L, 1개
비캔버스 전색상 코알라 세마리 삼형제 삼총사 원투쓰리 호주 피그먼트 반팔티, 피그먼트브라운, L, 1개
비캔버스 전색상 실내 클라이밍 암벽타기 연습장 클리프행어 피그먼트 반팔티, 피그먼트브라운, L, 1개
비캔버스 전색상 기하학 도형 디자인 삼각형 원 막대 직선 도형 피그먼트 반팔티, 피그먼트브라운, L, 1개
비캔버스 전색상 과일꼬치 알록달록 맛난꼬치 과일사탕 바나나 피그먼트 반팔티, 피그먼트브라운, L, 1개
비캔버스 전색상 새 분홍모자 프로펠러 롤리팝 막대사탕 아기새 피그먼트 반팔티, 피그먼트브라운, L, 1개
비캔버스 전색상 사색 글쓰기 커피 카페 편지 스터디 연구 피그먼트 반팔티, 피그먼트브라운, L, 1개
비캔버스 전색상 귀여운 강아지 애완견 반려견 퍼피 도그 애교 피그먼트 반팔티, 피그먼트브라운, L, 1개
비캔버스 전색상 물리학자 화학자 생물학자 천문 과학자 연구실 피그먼트 반팔티, 피그먼트브라운, L, 1개
비캔버스 전색상 만두 만두가게 찐만두 군만구 고기만두 김치 피그먼트 반팔티, 피그먼트브라운, L, 1개
비캔버스 전색상 유럽성벽 중세건축 성벽 르네상스 중세디자인 피그먼트 반팔티, 피그먼트브라운, L, 1개
비캔버스 전색상 학교 굿잡 학점 슬기로운 과학탐구 우유 독서 피그먼트 반팔티, 피그먼트브라운, L, 1개
비캔버스 전색상 라디오 DJ 개인방송 BJ 너튜브 방송작가 원격 피그먼트 반팔티, 피그먼트브라운, L, 1개
비캔버스 전색상 코알라사랑 커플 친구 너와나 애인 연인 호주 피그먼트 반팔티, 피그먼트브라운, L, 1개
비캔버스 전색상 민트색 여인 단발머리 회사원 출근룩 간지녀 피그먼트 반팔티, 피그먼트브라운, L, 1개
비캔버스 전색상 베스트팀 우리는 한팀 원팀 직장인 팀워크 피그먼트 반팔티, 피그먼트브라운, L, 1개
비캔버스 전색상 균형 천칭자리 재판 공증인 프로텍트 앤 서브 피그먼트 반팔티, 피그먼트브라운, L, 1개
비캔버스 전색상 중국어수업 차이니즈 차이나 학원 팬더 대나무 피그먼트 반팔티, 피그먼트브라운, L, 1개
비캔버스 전색상 종교와과학시대 중세유럽건물 중세마을풍경 피그먼트 반팔티, 피그먼트브라운, L, 1개
비캔버스 전색상 블랙 퍼플 검은색 보라색 백그라운드 PURPLE 피그먼트 반팔티, 피그먼트브라운, L, 1개
비캔버스 전색상 딸기 달콤새콤 새빨간딸기 과일가게 과일포장 피그먼트 반팔티, 피그먼트브라운, L, 1개
비캔버스 전색상 도서관 책읽는사람 커피한잔 BOOK 책읽는여자 피그먼트 반팔티, 피그먼트브라운, L, 1개
비캔버스 전색상 음악 편지 고양이 작업실 커피사랑 스터디 피그먼트 반팔티, 피그먼트브라운, L, 1개
비캔버스 전색상 호빵맨 돼지얼굴 주름 연지곤지 혹부리 탐욕 피그먼트 반팔티, 피그먼트브라운, L, 1개
비캔버스 전색상 음악인 플레이뮤직 창작 작곡자 연주자 싱어송 피그먼트 반팔티, 피그먼트브라운, L, 1개
비캔버스 전색상 중세유럽성벽 중세유럽건물 중세마을풍경 피그먼트 반팔티, 피그먼트브라운, L, 1개
비캔버스 전색상 딸기 과일 빨간색 달콤새콤 새빨간딸기 주근깨 피그먼트 반팔티, 피그먼트브라운, L, 1개
비캔버스 전색상 산타클로스 메리크리스마스 뜨개질 루돌프 피그먼트 반팔티, 피그먼트브라운, L, 1개
비캔버스 전색상 물음표 골드색기호 퀘스천마크 예측불가 피그먼트 반팔티, 피그먼트브라운, L, 1개
비캔버스 전색상 캐주얼복장 오피스룩 MZ세대 직장동료 사무실 피그먼트 반팔티, 피그먼트브라운, L, 1개
비캔버스 전색상 코알라 호주 코알라인형 코알라캐릭터 KOALA 피그먼트 반팔티, 피그먼트브라운, L, 1개
비캔버스 전색상 해양수족관 바다 OCEANARIUM 언더월드 피그먼트 반팔티, 피그먼트브라운, L, 1개
비캔버스 전색상 축구 축구공은 둥글다 녹색잔디위 스포츠 피그먼트 반팔티, 피그먼트브라운, L, 1개
비캔버스 전색상 축구 SOCCER 축구화 축구공 11명 공은 둥글다 피그먼트 반팔티, 피그먼트브라운, L, 1개
비캔버스 전색상 야구게임 9명게임 야구공 야구글러브 날아오는 피그먼트 반팔티, 피그먼트브라운, L, 1개
비캔버스 전색상 새 조이풀 JOYFUL BIRD 이쁜새 새디자인 피그먼트 반팔티, 피그먼트브라운, L, 1개
비캔버스 전색상 백색곰 흰곰 북극곰 멸종위기 기후온난화 피그먼트 반팔티, 피그먼트브라운, L, 1개
비캔버스 전색상 여름일출 SUMMER 여름바다 여름휴가 피그먼트 반팔티, 피그먼트브라운, L, 1개
비캔버스 전색상 우유 밀크 건강 아이들은 우유를 마셔야 멸균 피그먼트 반팔티, 피그먼트브라운, L, 1개
비캔버스 전색상 야구 야구경기장 글러브 야구배트 야구공 피그먼트 반팔티, 피그먼트브라운, L, 1개
비캔버스 전색상 롤러블레이드 인라인스케이트 롤러스케이트 피그먼트 반팔티, 피그먼트브라운, L, 1개
비캔버스 전색상 나이트메어 악몽 유령 미이라 좋은꿈꿔 꿈에서 피그먼트 반팔티, 피그먼트브라운, L, 1개
비캔버스 전색상 타이거 호랑이 디자인 알파벳 아기호랑이 피그먼트 반팔티, 피그먼트브라운, L, 1개
비캔버스 전색상 별 스타 노란별 아빠별 엄마별 커플별 반짝 피그먼트 반팔티, 피그먼트브라운, L, 1개
비캔버스 전색상 우주복 우주탐사 우주여행 우주행성 우주인 피그먼트 반팔티, 피그먼트브라운, L, 1개
비캔버스 전색상 타이거마스크 고양이마스크 가면무도회 피그먼트 반팔티, 피그먼트브라운, L, 1개
비캔버스 전색상 암벽등반 클라이밍 실내연습장 실내클라이밍 피그먼트 반팔티, 피그먼트브라운, L, 1개
비캔버스 전색상 공주님방 무료증 심심해 오늘은 뭐할까 고민 피그먼트 반팔티, 피그먼트브라운, L, 1개
비캔버스 전색상 딸기 딸기자른 스트로베리 냠냠맛있어 피그먼트 반팔티, 피그먼트브라운, L, 1개
비캔버스 전색상 생각이 많아 잡념 멘탈붕괴 멘붕 의욕상실 피그먼트 반팔티, 피그먼트브라운, L, 1개
비캔버스 전색상 모자쓴 새 우편 문서전달하는 새 버드디자인 피그먼트 반팔티, 피그먼트브라운, L, 1개
비캔버스 전색상 응급구조 응급조치 낙상사고 간호 응급구조사 피그먼트 반팔티, 피그먼트브라운, L, 1개
비캔버스 전색상 당구장 빌리야드 BILLIARDS 에잇볼 포켓볼 피그먼트 반팔티, 피그먼트브라운, L, 1개
비캔버스 전색상 메리크리스마스 성탄절 예수탄생일 축제준비 피그먼트 반팔티, 피그먼트브라운, L, 1개
비캔버스 전색상 딸기잼 브렉퍼스트 식빵언니 토스트 모닝식사 피그먼트 반팔티, 피그먼트브라운, L, 1개
비캔버스 전색상 해피할로윈 박쥐 거미 글자디자인 공포 축제 피그먼트 반팔티, 피그먼트브라운, L, 1개
비캔버스 전색상 야구게임 야구스포츠 야구공 야구경기장 피그먼트 반팔티, 피그먼트브라운, L, 1개
비캔버스 전색상 야구헬멧 빨간색모자 야구용품 야구스포츠 피그먼트 반팔티, 피그먼트브라운, L, 1개
비캔버스 전색상 지구과학 우주과학 태양계 행성 태양 수성 피그먼트 반팔티, 피그먼트브라운, L, 1개
비캔버스 전색상 만두가게 찐만두 물만두 오늘 만두먹을까 만두 피그먼트 반팔티, 피그먼트브라운, L, 1개
비캔버스 전색상 아이디어 학교가방 창의적 크리에이티브 피그먼트 반팔티, 피그먼트브라운, L, 1개
비캔버스 전색상 동시통역 AI 수업시간 스터디 채팅 프랑스 피그먼트 반팔티, 피그먼트브라운, L, 1개
비캔버스 전색상 귀여운 새 고깔모자 사탕 아기새 축하파티 피그먼트 반팔티, 피그먼트브라운, L, 1개
비캔버스 전색상 복있는관상 미인의 눈 눈과눈썹 화장 메이크업 피그먼트 반팔티, 피그먼트브라운, L, 1개
비캔버스 전색상 고래일러스트 WHALE 고래나오는꿈 피그먼트 반팔티, 피그먼트브라운, L, 1개
비캔버스 전색상 쌍둥이 거울보는 모습 TWINS 쌍둥이자리 피그먼트 반팔티, 피그먼트브라운, L, 1개
비캔버스 전색상 당구 당구게임 한게일할까 에잇볼 포켓당구 피그먼트 반팔티, 피그먼트브라운, L, 1개
비캔버스 전색상 WALRUS 바다코끼리 알파벳 W 디자인 동물 피그먼트 반팔티, 피그먼트브라운, L, 1개
비캔버스 전색상 커피마시는 간지남 패션이 죽여 패션니스타 피그먼트 반팔티, 피그먼트브라운, L, 1개
비캔버스 전색상 클라이밍 실내연습장 근력키우기 매달려있는 피그먼트 반팔티, 피그먼트브라운, L, 1개
비캔버스 전색상 학교 개학 스쿨 독서 영어수업 ABC 지구본 피그먼트 반팔티, 피그먼트브라운, L, 1개
비캔버스 전색상 건설현장 일용직 시멘트 콘크리트 건축기술자 피그먼트 반팔티, 피그먼트브라운, L, 1개
비캔버스 전색상 크루즈여행 해변 여름휴가 해수욕장 코코넛 피그먼트 반팔티, 피그먼트브라운, L, 1개
비캔버스 전색상 우주선 우주 SPACESHIP 우주여행 달나라여행 피그먼트 반팔티, 피그먼트브라운, L, 1개
비캔버스 전색상 참치회 다랑어 참다랑어 참치횟집 참치요리 피그먼트 반팔티, 피그먼트브라운, L, 1개
비캔버스 전색상 축구팀 축구대회 동네축구 동호회 전후반 90분 피그먼트 반팔티, 피그먼트브라운, L, 1개
비캔버스 전색상 SUMMER 썸머 야자수 여름 휴양지 휴가 바다 피그먼트 반팔티, 피그먼트브라운, L, 1개
비캔버스 전색상 방랑병 STRAY BOTTLE 길잃은 병 주인없는 피그먼트 반팔티, 피그먼트브라운, L, 1개
비캔버스 전색상 마카롱 단맛 당이땡겨 당보충 뚱카롱 수제마카 피그먼트 반팔티, 피그먼트브라운, L, 1개
비캔버스 전색상 성탄절 크리스마스 토끼 다람쥐겨울 친구 사랑 피그먼트 반팔티, 피그먼트브라운, L, 1개
비캔버스 전색상 야구 야구선수 야구배트 헬멧 야구유니폼 고교 피그먼트 반팔티, 피그먼트브라운, L, 1개
비캔버스 전색상 축구 축구공 축구화 사커 SOCCER 축구동호회 피그먼트 반팔티, 피그먼트브라운, L, 1개
비캔버스 전색상 스윗트드림즈 푸딩 디저트가게 달콤함 달콤한 피그먼트 반팔티, 피그먼트브라운, L, 1개
비캔버스 전색상 자동차 복고자동차 옛날자동차 클래식 자동차 피그먼트 반팔티, 피그먼트브라운, L, 1개
비캔버스 전색상 쥐얼굴 십이지신 쥐띠 마우스 친칠라쥐 애완쥐 피그먼트 반팔티, 피그먼트브라운, L, 1개
비캔버스 전색상 손에손잡고 유앤미 함께 영원히 TOGETHER 피그먼트 반팔티, 피그먼트브라운, L, 1개
비캔버스 전색상 응급구조 응급조치 붕대 간호사 낙상사고 피그먼트 반팔티, 피그먼트브라운, L, 1개
비캔버스 전색상 커피마시는 강아지 코코아마시는 강아지 달콤 피그먼트 반팔티, 피그먼트브라운, L, 1개
비캔버스 전색상 과학자 SCIENTIST 실험실 화학자 생물학자 피그먼트 반팔티, 피그먼트브라운, L, 1개
비캔버스 전색상 멋쟁이 선글라스 간지남 패션니스타 찰랑찰랑 피그먼트 반팔티, 피그먼트브라운, L, 1개
비캔버스 전색상 SCHOOL 학교 지리 영어 쉬는 시간 점심시간 피그먼트 반팔티, 피그먼트브라운, L, 1개
비캔버스 전색상 음악수업 MUSIC CLASS 학원 기타 도레미파 피그먼트 반팔티, 피그먼트브라운, L, 1개
비캔버스 전색상 보이스 영상 패드수업 원격수업 CLASS 대학 피그먼트 반팔티, 피그먼트브라운, L, 1개
비캔버스 전색상 손흔드는 일본고양이 인형 마네키네코 행운의 피그먼트 반팔티, 피그먼트브라운, L, 1개
비캔버스 전색상 클라이밍 스포츠 암벽타기연습 클라이밍동호 피그먼트 반팔티, 피그먼트브라운, L, 1개
비캔버스 전색상 코알라 KOALA 유칼립투스 호주 코알라인형 피그먼트 반팔티, 피그먼트브라운, L, 1개
비캔버스 전색상 만두 궁중요리 DUMPLING 중국식만두 대나무 피그먼트 반팔티, 피그먼트브라운, L, 1개
비캔버스 전색상 유럽의 성 중세유럽 웅장함 예술적인 CASTLE 피그먼트 반팔티, 피그먼트브라운, L, 1개
비캔버스 전색상 야구게임 야구스포츠 베이스볼 야구컵대회 피그먼트 반팔티, 피그먼트브라운, L, 1개
비캔버스 전색상 DONUT 도넛 도너츠 튜브닮은 빵 BREAD 동글 피그먼트 반팔티, 피그먼트브라운, L, 1개
비캔버스 전색상 호랑이 백호와 황호 반반 얼굴 시베리아 피그먼트 반팔티, 피그먼트브라운, L, 1개
비캔버스 전색상 할로윈파티 축제 호박가면 호박눈사람 유령 피그먼트 반팔티, 피그먼트브라운, L, 1개
비캔버스 전색상 메리크리스마스 해피할리데이즈 성탄절 휴가 피그먼트 반팔티, 피그먼트브라운, L, 1개
비캔버스 전색상 마우스 클릭 인터넷 쇼핑 게임 PC방 블로그 피그먼트 반팔티, 피그먼트브라운, L, 1개
비캔버스 전색상 명탐정 불독 도그 PUPPY DOG 화가 신문 피그먼트 반팔티, 피그먼트브라운, L, 1개
비캔버스 전색상 축구공 월드컵대회 축구 잘하는 나라 SOCCER 피그먼트 반팔티, 피그먼트브라운, L, 1개
비캔버스 전색상 크리스마스 트리 산타할아버지 루돌프사슴 피그먼트 반팔티, 피그먼트브라운, L, 1개
비캔버스 전색상 기린 하트안경 나비넥타이 기린얼굴 아프리카 피그먼트 반팔티, 피그먼트브라운, L, 1개
비캔버스 전색상 가족여행 캠핑 엄마아빠 휴가 FAMILY 가족휴양 피그먼트 반팔티, 피그먼트브라운, L, 1개
비캔버스 전색상 친구 PUPPY 크리스마스 선물 트리 징글벨 피그먼트 반팔티, 피그먼트브라운, L, 1개
비캔버스 전색상 요가 활처럼 휘어진 허리 체조선수 놀라운동작 피그먼트 반팔티, 피그먼트브라운, L, 1개
비캔버스 전색상 블랙프라이데이 쇼핑의 날 쇼핑천국 저축깨기 피그먼트 반팔티, 피그먼트브라운, L, 1개
비캔버스 전색상 중년 노신사 안경 팔짱낀 남자 하늘을 봐 천문 피그먼트 반팔티, 피그먼트브라운, L, 1개
비캔버스 전색상 RHINOCEROS 알파벳 R 동물디자인 뿔 코뿔소 피그먼트 반팔티, 피그먼트브라운, L, 1개
비캔버스 전색상 꽃장식 알파벳 O 글자디자인 DESIGN LETTER 피그먼트 반팔티, 피그먼트브라운, L, 1개
비캔버스 전색상 테니스 라켓 스포츠 테니스공 TENNIS GAME 피그먼트 반팔티, 피그먼트브라운, L, 1개
비캔버스 전색상 자연보호 해양동식물 산호초 언더월드 피그먼트 반팔티, 피그먼트브라운, L, 1개
비캔버스 전색상 치킨과 콜라 오늘은 치콜 치맥은 휴가중 피그먼트 반팔티, 피그먼트브라운, L, 1개
비캔버스 전색상 야구용품 사랑해요 야구게임 야구유니폼 피그먼트 반팔티, 피그먼트브라운, L, 1개
비캔버스 전색상 NARWHAL 일각고래 일각돌고래 긴이빨고래 피그먼트 반팔티, 피그먼트브라운, L, 1개
비캔버스 전색상 경제야놀자 자산배분 분산투자 적금 목적투자 피그먼트 반팔티, 피그먼트브라운, L, 1개
비캔버스 전색상 쥐 캐릭터디자인 동물디자인 애니메이션 상처 피그먼트 반팔티, 피그먼트브라운, L, 1개
비캔버스 전색상 크리스마스 장식 트리디자인 메리크리스마스 피그먼트 반팔티, 피그먼트브라운, L, 1개
비캔버스 전색상 북극곰 포크 배고픈 곰 POLAR BEAR 온난화 피그먼트 반팔티, 피그먼트브라운, L, 1개
비캔버스 전색상 겨울낚시 월척 친구 여행 얼음낚시 방한복 피그먼트 반팔티, 피그먼트브라운, L, 1개
비캔버스 전색상 U자 디자인 알파벳디자인 글자디자인 U모양의 피그먼트 반팔티, 피그먼트브라운, L, 1개
비캔버스 전색상 경북여행 한국여행 코리아 쿠어 경주불국사 피그먼트 반팔티, 피그먼트브라운, L, 1개
비캔버스 전색상 탐험 여행 취미 KAYAK 카약 카얔 tour 산과 피그먼트 반팔티, 피그먼트브라운, L, 1개
비캔버스 전색상 홈런타자 야구 BASEBALL BAT HOMERUN 피그먼트 반팔티, 피그먼트브라운, L, 1개
비캔버스 전색상 알파벳 디자인 J로 시작하는 단어 글자디자인 피그먼트 반팔티, 피그먼트브라운, L, 1개
비캔버스 전색상 도넛파티 DONUT PARTY 형형색색 이쁜 도넛 피그먼트 반팔티, 피그먼트브라운, L, 1개
비캔버스 전색상 일본씨름 스모 일본대표스포츠 격투기 무도 피그먼트 반팔티, 피그먼트브라운, L, 1개
비캔버스 전색상 샴 샤미즈 영리한 고양이 감수성 SIAMESE 피그먼트 반팔티, 피그먼트브라운, L, 1개
비캔버스 전색상 글자디자인 알파벳디자인 알파벳Q QUAIL 피그먼트 반팔티, 피그먼트브라운, L, 1개
비캔버스 전색상 소방관 소방맨 여자소방관 FIRE 소방차 피그먼트 반팔티, 피그먼트브라운, L, 1개
비캔버스 전색상 펭귄 남극 알파벳 P 글자디자인 알파벳디자인 피그먼트 반팔티, 피그먼트브라운, L, 1개
비캔버스 전색상 음식 데코 브레드 빵 과일 브런치 장식 모닝 피그먼트 반팔티, 피그먼트브라운, L, 1개
비캔버스 전색상 쌍안경 여행자 탐험가 TOURIST 산악여행 등산 피그먼트 반팔티, 피그먼트브라운, L, 1개
비캔버스 전색상 할로윈데이 HALLOWEEN DAY 공포 좀비 유령 피그먼트 반팔티, 피그먼트브라운, L, 1개
비캔버스 전색상 귀여운 강아지 PUPPY CUTE DOG 반려견 피그먼트 반팔티, 피그먼트브라운, L, 1개
비캔버스 전색상 문어 OCTOPUS 디자인 알파벳 O 알파벳공부 피그먼트 반팔티, 피그먼트브라운, L, 1개
비캔버스 전색상 해피할로윈 HAPPY HALLOWEEN 파티 축제 피그먼트 반팔티, 피그먼트브라운, L, 1개
비캔버스 전색상 메리크리스마스 WARMEST WISHES 사슴 DEER 피그먼트 반팔티, 피그먼트브라운, L, 1개
비캔버스 전색상 하늘보는 남자 UFO 미확인비행물체 불꽃놀이 피그먼트 반팔티, 피그먼트브라운, L, 1개
비캔버스 전색상 한국여행 부산여행 TRAVEL busan 제2의도시 피그먼트 반팔티, 피그먼트브라운, L, 1개
비캔버스 전색상 대학생 책 공부 스마트 지성인 지식인 BOOK 피그먼트 반팔티, 피그먼트브라운, L, 1개
비캔버스 전색상 CRICKET 크리켓 신사게임 스포츠 영국 녹색잔 피그먼트 반팔티, 피그먼트브라운, L, 1개
비캔버스 전색상 새 BIRD 흰새 검은새 조류학자 조류학과 삼족 피그먼트 반팔티, 피그먼트브라운, L, 1개
비캔버스 전색상 할로윈데이 파티 호박등 호박가면 공포HAPPY 피그먼트 반팔티, 피그먼트브라운, L, 1개
비캔버스 전색상 SHOT 축구 SOCCER SHOOT 슛돌이 원샷원킬 피그먼트 반팔티, 피그먼트브라운, L, 1개
비캔버스 전색상 칵테일 바 COCKTAIL bar 술한잔 모히또 말리 피그먼트 반팔티, 피그먼트브라운, L, 1개
비캔버스 전색상 알파벳 WE 우리는 단어 WORD 혼자가 아니야 피그먼트 반팔티, 피그먼트브라운, L, 1개
비캔버스 전색상 새 BIRD 앵무새 앵그리버드 ANGRYBIRD 숫자 피그먼트 반팔티, 피그먼트브라운, L, 1개
비캔버스 전색상 호박 박쥐 호박가면 고깔모자 마법사 할로윈 피그먼트 반팔티, 피그먼트브라운, L, 1개
비캔버스 전색상 BASEBALL 야구공 야구배트 다이아몬드구장 피그먼트 반팔티, 피그먼트브라운, L, 1개
비캔버스 전색상 햄버거 보트 스케이트보드 HAMBURGER 피그먼트 반팔티, 피그먼트브라운, L, 1개
비캔버스 전색상 배드민턴 BADMINTON 라켓 셔틀콕 단식 복식 피그먼트 반팔티, 피그먼트브라운, L, 1개
비캔버스 전색상 농구 BASKETBALL PLAYER 농구공 BALL 4쿼터 피그먼트 반팔티, 피그먼트브라운, L, 1개
비캔버스 전색상 강아지 puppy dog 커플 집 화려한 봄날 친구 피그먼트 반팔티, 피그먼트브라운, L, 1개
비캔버스 전색상 너구리 뜨개질 양말 너구리캐릭터 raccon dog 피그먼트 반팔티, 피그먼트브라운, L, 1개
비캔버스 전색상 PACIFIC OCEAN 해양동물 해양식물 산호초 피그먼트 반팔티, 피그먼트브라운, L, 1개
비캔버스 전색상 아이스크림 친구 콘 커플 FRIEND COUPLE 피그먼트 반팔티, 피그먼트브라운, L, 1개
비캔버스 전색상 강아지 puppy 꽃놀이 봄날 내생에 봄날은 언제 피그먼트 반팔티, 피그먼트브라운, L, 1개
비캔버스 전색상 곰인형 테디 베어 귀여운 인형 BEAR 내 곰인형 피그먼트 반팔티, 피그먼트브라운, L, 1개
비캔버스 전색상 HORROR NIGHT 박쥐 할로윈데이 HALLOWEE 피그먼트 반팔티, 피그먼트브라운, L, 1개
비캔버스 전색상 PACIFIC OCEAN 해양동물 해양식물 산호초2 피그먼트 반팔티, 피그먼트브라운, L, 1개
비캔버스 전색상 농구 BASKETBALL 실내스포츠 실외스포츠 피그먼트 반팔티, 피그먼트브라운, L, 1개
비캔버스 전색상 피자 파일애플 과일 페페로니 디저트 간식 피그먼트 반팔티, 피그먼트브라운, L, 1개
비캔버스 전색상 PACIFIC OCEAN 해양동물 해양식물 산호초3 피그먼트 반팔티, 피그먼트브라운, L, 1개
비캔버스 전색상 나무를 사랑하는 남자 화분 선인장 식목일 피그먼트 반팔티, 피그먼트브라운, L, 1개
비캔버스 전색상 빵과 과일 브런치 카페 디저트 푸드디자인 피그먼트 반팔티, 피그먼트브라운, L, 1개
비캔버스 전색상 소방관아저씨 소방관 FIREMAN 응급대원 피그먼트 반팔티, 피그먼트브라운, L, 1개
비캔버스 전색상 도룡뇽 양서류 도마뱀과 비슷 AMPHIBIAN 피그먼트 반팔티, 피그먼트브라운, L, 1개
비캔버스 전색상 대학생 하늘위를 쳐다보는 남자 가방 UFO 피그먼트 반팔티, 피그먼트브라운, L, 1개
비캔버스 전색상 녹색그라운드 크리켓 CRICKET 게임 스포츠 피그먼트 반팔티, 피그먼트브라운, L, 1개
비캔버스 전색상 속도계 스피드 SPEED 레이싱 한계속도 미캐닉 피그먼트 반팔티, 피그먼트브라운, L, 1개
비캔버스 전색상 DACHSHUND 강아지 dog 닥스훈트 사냥개 피그먼트 반팔티, 피그먼트브라운, L, 1개
비캔버스 전색상 SPHYNX 스핑크스 고양이 CAT 반려묘 냥이 피그먼트 반팔티, 피그먼트브라운, L, 1개
비캔버스 전색상 프랑스 우크라이나 영국 일본 독일 전쟁 외국 피그먼트 반팔티, 피그먼트브라운, L, 1개
비캔버스 전색상 고양이 털실 깜놀 우와 내털인줄 CAT 야옹이 피그먼트 반팔티, 피그먼트브라운, L, 1개
비캔버스 전색상 살까말까 빤히 고민중 쇼핑 카드 현지 질러 피그먼트 반팔티, 피그먼트브라운, L, 1개
비캔버스 전색상 인천공항 한국여행 INCHEON TOUR TRAVEL 피그먼트 반팔티, 피그먼트브라운, L, 1개
비캔버스 전색상 마스크 가면 원시시대 해골가면 MASK 전통 피그먼트 반팔티, 피그먼트브라운, L, 1개
비캔버스 전색상 고양이 야옹이 반려묘 CAT 시크한 PET 질투 피그먼트 반팔티, 피그먼트브라운, L, 1개
비캔버스 전색상 썰매개 눈 SNOW 그린란드 북극 남극 에스키모 피그먼트 반팔티, 피그먼트브라운, L, 1개
비캔버스 전색상 스카이다이빙 SKYDIVING JUMP 낙하산 하늘 피그먼트 반팔티, 피그먼트브라운, L, 1개
비캔버스 전색상 러브 LOVE 알파벳 디자인 영어단어 디자인 피그먼트 반팔티, 피그먼트브라운, L, 1개
비캔버스 전색상 선물 PRESENT 백화점 기념일 생일 졸업 입학 피그먼트 반팔티, 피그먼트브라운, L, 1개
비캔버스 전색상 점박이 고양이 얼룩고양이 노란눈 CAT 야옹이 피그먼트 반팔티, 피그먼트브라운, L, 1개
비캔버스 전색상 해피할로윈 HAPPY HALLOWEEN 유령 GHOST 피그먼트 반팔티, 피그먼트브라운, L, 1개
비캔버스 전색상 고양이 CAT 고양이 얼굴 노란눈 흰색과 검은색 피그먼트 반팔티, 피그먼트브라운, L, 1개
비캔버스 전색상 해피할로윈 HAPPY HALLOWEEN 호박 공포 피그먼트 반팔티, 피그먼트브라운, L, 1개
비캔버스 전색상 너 누구니 나무늘보 이미지 게으름뱅이 느림보 피그먼트 반팔티, 피그먼트브라운, L, 1개
비캔버스 전색상 알파벳 꽃모양 꽃문양 인테리어 LOVE의 첫글 피그먼트 반팔티, 피그먼트브라운, L, 1개
비캔버스 전색상 농구 BASKETBALL 스포츠 삼대삼 농구 농구화 피그먼트 반팔티, 피그먼트브라운, L, 1개
비캔버스 전색상 고양이 CAT 샴 샤미즈 애완묘 반려묘 야옹이 피그먼트 반팔티, 피그먼트브라운, L, 1개
비캔버스 전색상 한국전통 단청모양 동서남북 디자인 연꽃 전통 피그먼트 반팔티, 피그먼트브라운, L, 1개
비캔버스 전색상 할로윈데이 HALLOWEEN 가면 소품 코스튬 피그먼트 반팔티, 피그먼트브라운, L, 1개
비캔버스 전색상 금융 보험 리스크 매니지먼트 자산관리 비올때 피그먼트 반팔티, 피그먼트브라운, L, 1개
비캔버스 전색상 CAT MASK 고양이가면 호랑이가면 MASK 피그먼트 반팔티, 피그먼트브라운, L, 1개
비캔버스 전색상 해피 할로윈 HAPPY HALLOWEEN 마녀 AA 피그먼트 반팔티, 피그먼트브라운, L, 1개
비캔버스 전색상 거미줄 거미 스파이더 SPIDER 곤충 절지동물 피그먼트 반팔티, 피그먼트브라운, L, 1개
비캔버스 전색상 블랙프라이데이 BLACK FRIDAY 세일 AA 피그먼트 반팔티, 피그먼트브라운, L, 1개
비캔버스 전색상 백화점 쇼핑 선물 애인선물 가족선물 기념일 피그먼트 반팔티, 피그먼트브라운, L, 1개
비캔버스 전색상 소방관 장애물 파괴 방화복 구조반 FIREMAN 피그먼트 반팔티, 피그먼트브라운, L, 1개
비캔버스 전색상 가족여행 엄마아빠 사랑해요 농장체험 가족 피그먼트 반팔티, 피그먼트브라운, L, 1개
비캔버스 전색상 선생님 학교 수업 유치원 비슷한 지도 피그먼트 반팔티, 피그먼트브라운, L, 1개
비캔버스 전색상 부엉이 올빼미 OWL 지혜의 여신상징 밤의제왕 피그먼트 반팔티, 피그먼트브라운, L, 1개
비캔버스 전색상 한국여행 경기도여행 GYEONGGI 경기도 피그먼트 반팔티, 피그먼트브라운, L, 1개
비캔버스 전색상 샌드위치 오렌지주스 소풍 TOUR BREAKFAST 피그먼트 반팔티, 피그먼트브라운, L, 1개
비캔버스 전색상 도너츠 도넛 분홍색크림 알록달록 커피와 함께 피그먼트 반팔티, 피그먼트브라운, L, 1개
비캔버스 전색상 여름 강아지 피서 선풍기 수박 더위 피하는법 피그먼트 반팔티, 피그먼트브라운, L, 1개
비캔버스 전색상 헤드폰 MZ세대 패션 학생 등교 도서관 음악 피그먼트 반팔티, 피그먼트브라운, L, 1개
비캔버스 전색상 겨울스키 친구 여행 휴가 겨울산 SKI 겨울등산 피그먼트 반팔티, 피그먼트브라운, L, 1개
비캔버스 전색상 낮잠자는 강아지 자연 흰둥이 누렁이 반려견 피그먼트 반팔티, 피그먼트브라운, L, 1개
비캔버스 전색상 사진작가 카메라 카메라촬영 CAMERA 취미 피그먼트 반팔티, 피그먼트브라운, L, 1개
비캔버스 전색상 대구여행 한국여행 갓바위 DAEGU TRAVEL 피그먼트 반팔티, 피그먼트브라운, L, 1개
비캔버스 전색상 스핑크스 고양이 반려묘 넌 나의 친구 애완묘 피그먼트 반팔티, 피그먼트브라운, L, 1개
비캔버스 전색상 할로윈 HALLOWEEN 호박가면 할로윈 코스튬 피그먼트 반팔티, 피그먼트브라운, L, 1개
비캔버스 전색상 SKI RESORT CLUB 스키 스키선수 겨울스포츠 피그먼트 반팔티, 피그먼트브라운, L, 1개
비캔버스 전색상 캠핑 KAYAKING 카얔 레저스포츠 KAYAK 카약 피그먼트 반팔티, 피그먼트브라운, L, 1개
비캔버스 전색상 고양이 CAT 털없는 스핑크스고양이 반려묘 피그먼트 반팔티, 피그먼트브라운, L, 1개
비캔버스 전색상 제주도 제주여행 제주관광지도 한국관광 JEJU 피그먼트 반팔티, 피그먼트브라운, L, 1개
비캔버스 전색상 CACTUS 선인장 사막 인테리어 식물 사막속에 피그먼트 반팔티, 피그먼트브라운, L, 1개
비캔버스 전색상 등산 겨울설산등산 겨울산행 아이젠 MOUNT 피그먼트 반팔티, 피그먼트브라운, L, 1개
비캔버스 전색상 메리크리스마스 산타할아버지 굴뚝 산타클로스 피그먼트 반팔티, 피그먼트브라운, L, 1개
비캔버스 전색상 칵테일 열대 음료수 여름휴가 모히또와 말리부 피그먼트 반팔티, 피그먼트브라운, L, 1개
비캔버스 전색상 자산배분 자산관리 경제학공부 계란을 한바구 피그먼트 반팔티, 피그먼트브라운, L, 1개
비캔버스 전색상 태권소년 태권도 날라차기 태권도학원 피그먼트 반팔티, 피그먼트브라운, L, 1개
비캔버스 전색상 도시남자 핸드폰 음악 선글라스 모자 콧수염 피그먼트 반팔티, 피그먼트브라운, L, 1개
비캔버스 전색상 고양이 CAT 집사 나 불렀냥 야옹이 누워있는 피그먼트 반팔티, 피그먼트브라운, L, 1개
비캔버스 전색상 여름 가족여행 바다 해변 수영 여름휴가 피그먼트 반팔티, 피그먼트브라운, L, 1개
비캔버스 전색상 울산여행 지도 한국여행 TRAVEL ULSAN 울산 피그먼트 반팔티, 피그먼트브라운, L, 1개
비캔버스 전색상 원숭이 MONKEY 원숭이 탈을 쓴 십이지간 피그먼트 반팔티, 피그먼트브라운, L, 1개
비캔버스 전색상 소방관 FIREMAN 선발부대 진입위한 기계진격 피그먼트 반팔티, 피그먼트브라운, L, 1개
비캔버스 전색상 메리크리스마스 MERRY CHRISTMAS 성탄절 피그먼트 반팔티, 피그먼트브라운, L, 1개
비캔버스 전색상 스카이다이빙 SKY DIVING JUMP 나를 던져라 피그먼트 반팔티, 피그먼트브라운, L, 1개
비캔버스 전색상 칵테일 칵테일바 BAR COCKTAIL 은근취해 피그먼트 반팔티, 피그먼트브라운, L, 1개
비캔버스 전색상 선물 백화점선물상자 선물박스 PRESENT 쇼핑 피그먼트 반팔티, 피그먼트브라운, L, 1개
비캔버스 전색상 블랙프라이데이 BLACK FRIDAY 세일 SALE 피그먼트 반팔티, 피그먼트브라운, L, 1개
비캔버스 전색상 개구리 FROG 팔짝팔짝 점프 양서류 뒷다리 피그먼트 반팔티, 피그먼트브라운, L, 1개
비캔버스 전색상 테니스 TENNIS 테니스공 초스피드 게임 파워 피그먼트 반팔티, 피그먼트브라운, L, 1개
비캔버스 전색상 소방관 동료 FIREMAN 소방복 방화복 빨간차 피그먼트 반팔티, 피그먼트브라운, L, 1개
비캔버스 전색상 겨울산행 캠핑 CAMPING 불멍 커피한잔 피그먼트 반팔티, 피그먼트브라운, L, 1개
비캔버스 전색상 선인장 스케치 CACTUS 다육이 다육식물 피그먼트 반팔티, 피그먼트브라운, L, 1개
비캔버스 전색상 진화작업 소화기 소방관 FIREMAN 피그먼트 반팔티, 피그먼트브라운, L, 1개
비캔버스 전색상 손 핸드프린팅 HAND PRINTING 오른손을 피그먼트 반팔티, 피그먼트브라운, L, 1개
비캔버스 전색상 테니스 테니스라켓 테니스공 TENNIS 신사게임 피그먼트 반팔티, 피그먼트브라운, L, 1개
비캔버스 전색상 탄산음료 친구 COKE 보드 농구공 단짝친구 피그먼트 반팔티, 피그먼트브라운, L, 1개
비캔버스 전색상 단발머리 새 BIRD CRANE 항상이쁘게 헤어 피그먼트 반팔티, 피그먼트브라운, L, 1개
비캔버스 전색상 고양이 CAT 애완묘 야옹이 집고양이 흑과백 피그먼트 반팔티, 피그먼트브라운, L, 1개
비캔버스 전색상 해양생물 OCEAN FREEDOM 불가사리 해양 피그먼트 반팔티, 피그먼트브라운, L, 1개
비캔버스 전색상 고양이 야옹이 모자쓴 고양이 CAT HAT 모자 피그먼트 반팔티, 피그먼트브라운, L, 1개
비캔버스 전색상 선물 PRESENT 생일선물 졸업선물 입학선물 피그먼트 반팔티, 피그먼트브라운, L, 1개
비캔버스 전색상 펜싱 스포츠 낭만검객 스피드 순발력 펜싱선수 피그먼트 반팔티, 피그먼트브라운, L, 1개
비캔버스 전색상 갑진년 청룡 DRAGON 낭만여행 혼자여행 피그먼트 반팔티, 피그먼트브라운, L, 1개
비캔버스 전색상 겨울산행 겨울등산 캠핑 산 눈내리는 산행 피그먼트 반팔티, 피그먼트브라운, L, 1개
비캔버스 전색상 대전여행 한국여행 KOREA TOUR DAEJEON 피그먼트 반팔티, 피그먼트브라운, L, 1개
비캔버스 전색상 고양이 CAT 비스듬히 야옹이 자다 일어난 피그먼트 반팔티, 피그먼트브라운, L, 1개
비캔버스 전색상 배드민턴 BADMINTON 네트 라켓 셔틀콕 피그먼트 반팔티, 피그먼트브라운, L, 1개
비캔버스 전색상 순록 북극지방 북유럽 순록얼굴 뿔 REINDEER 피그먼트 반팔티, 피그먼트브라운, L, 1개
비캔버스 전색상 원숭이 책읽는 원숭이 거꾸로 매달린 원숭이 피그먼트 반팔티, 피그먼트브라운, L, 1개
비캔버스 전색상 도너츠 DONUTS 디저트 커피타임 BREAD 피그먼트 반팔티, 피그먼트브라운, L, 1개
비캔버스 전색상 스포츠 레져 크리켓 CRICKET 신사스포츠 피그먼트 반팔티, 피그먼트브라운, L, 1개
비캔버스 전색상 메리크리스마스 성탄절 산타할아버지 루돌프 피그먼트 반팔티, 피그먼트브라운, L, 1개
비캔버스 전색상 스카이다이빙 SKY DIVING 낙하산 희열 피그먼트 반팔티, 피그먼트브라운, L, 1개
비캔버스 전색상 악기연주 음악하는 여인 음악기구 아름다운 피그먼트 반팔티, 피그먼트브라운, L, 1개
비캔버스 전색상 선물상자 크리스마스선물 생일선물졸업선물 피그먼트 반팔티, 피그먼트브라운, L, 1개
비캔버스 전색상 소방관 화재 불 FIREMAN FIRE FIGHTE 피그먼트 반팔티, 피그먼트브라운, L, 1개
비캔버스 전색상 블랙프라이데이 BLACK FRIDAY 쇼핑천국 프로 피그먼트 반팔티, 피그먼트브라운, L, 1개
비캔버스 전색상 패셔니스타 타투맨 핸드폰 이어폰 헤드폰 음악 피그먼트 반팔티, 피그먼트브라운, L, 1개
비캔버스 전색상 네모의 운동 사각형 SPORTS Health 건강관리 피그먼트 반팔티, 피그먼트브라운, L, 1개
비캔버스 전색상 알파벳 Y 꽃으로 Y글자 그리다 flower 피그먼트 반팔티, 피그먼트브라운, L, 1개
비캔버스 전색상 요가 에어로빅 필라테스 건강관리 운동 균형 피그먼트 반팔티, 피그먼트브라운, L, 1개
비캔버스 전색상 저축 saving 티끌모아태산 자산관리 MONEY 피그먼트 반팔티, 피그먼트브라운, L, 1개
비캔버스 전색상 음악 MUSIC 하트모양 캐릭터 악기 드럼 피그먼트 반팔티, 피그먼트브라운, L, 1개
비캔버스 전색상 독도는 우리땅 DOKDO 독도사랑 나라사랑 피그먼트 반팔티, 피그먼트브라운, L, 1개
비캔버스 전색상 알파벳 ABC 디자인 DESIGN 알파벳 A부터 Z 피그먼트 반팔티, 피그먼트브라운, L, 1개
비캔버스 전색상 한국관광 KOREA TOUR MAP 충남투어 관광지 피그먼트 반팔티, 피그먼트브라운, L, 1개
비캔버스 전색상 하늘보는 아줌마 여인 하늘위에 뭔가가 있어 피그먼트 반팔티, 피그먼트브라운, L, 1개
비캔버스 전색상 고양이 CAT 이불밖은 위험해 이불안은 따뜻해 피그먼트 반팔티, 피그먼트브라운, L, 1개
비캔버스 전색상 친구 FRIEND 영어단어 디자인 무지개색 피그먼트 반팔티, 피그먼트브라운, L, 1개
비캔버스 전색상 갑진년 청룡 무리했어 머리가 멍해 링거투혼 피그먼트 반팔티, 피그먼트브라운, L, 1개
비캔버스 전색상 KAYAK SPORT CAMP 카얔 카야크 캠프 피그먼트 반팔티, 피그먼트브라운, L, 1개
비캔버스 전색상 HAPPY SUMMER MY FAMILY 여름휴가 피그먼트 반팔티, 피그먼트브라운, L, 1개
비캔버스 전색상 네모의 여행 사각형의 여행 SQUARE TOUR 피그먼트 반팔티, 피그먼트브라운, L, 1개
비캔버스 전색상 토끼 꽃 RABBIT 웃는토끼 바지입은 토끼가 피그먼트 반팔티, 피그먼트브라운, L, 1개
비캔버스 전색상 브런치 카페 커피 빵 브레드 데코 과일 먹기 피그먼트 반팔티, 피그먼트브라운, L, 1개
비캔버스 전색상 전남여행 JEONNAM TOUR 관광지도 TOUR 피그먼트 반팔티, 피그먼트브라운, L, 1개
비캔버스 전색상 여행 TOUR TRAVEL 여권조심 PASSPORT 피그먼트 반팔티, 피그먼트브라운, L, 1개
비캔버스 전색상 갑진년 청룡 원플러스원 하나사면 하나더 쇼핑 피그먼트 반팔티, 피그먼트브라운, L, 1개
비캔버스 전색상 블랙프라이데이 BLACK FRIDAY 쇼핑데이 피그먼트 반팔티, 피그먼트브라운, L, 1개
비캔버스 전색상 메리크리스마스 MERRY CHRISTMAS 곰 뒷모 피그먼트 반팔티, 피그먼트브라운, L, 1개
비캔버스 전색상 경제지표 성장율 ECONOMY INDEX 자산수익 피그먼트 반팔티, 피그먼트브라운, L, 1개
비캔버스 전색상 래프팅 여행 RAFTING TRIP 계곡스포츠 피그먼트 반팔티, 피그먼트브라운, L, 1개
비캔버스 전색상 물놀이 친구 FRIEND HAVE FUN splis 피그먼트 반팔티, 피그먼트브라운, L, 1개
비캔버스 전색상 에어로빅 다리벌리기 가랑이 찢어져 유연성 피그먼트 반팔티, 피그먼트브라운, L, 1개
비캔버스 전색상 쇼핑중독 갑진년 청룡 쇼핑하고 포인트 님도 피그먼트 반팔티, 피그먼트브라운, L, 1개
비캔버스 전색상 전북관광지도 전북투어 한옥마을 투어 관광 피그먼트 반팔티, 피그먼트브라운, L, 1개
비캔버스 전색상 현대인의 삶 핸드폰과 연결된 삶 city life 피그먼트 반팔티, 피그먼트브라운, L, 1개
비캔버스 전색상 알파벳 ALL 영어단어 디자인 design 전부 피그먼트 반팔티, 피그먼트브라운, L, 1개
비캔버스 전색상 맛집투어 TOUR 여기저기 good restaura 피그먼트 반팔티, 피그먼트브라운, L, 1개
비캔버스 전색상 GANGWON TOUR MAP 강원도여행 설악산 피그먼트 반팔티, 피그먼트브라운, L, 1개
비캔버스 전색상 JUMP SUIT DIVING SUIT 스카이다이빙 피그먼트 반팔티, 피그먼트브라운, L, 1개
비캔버스 전색상 바다여행 돌고래 OCEAN TOUR 여행 dolph 피그먼트 반팔티, 피그먼트브라운, L, 1개
비캔버스 전색상 KAYAKING 카얔 카야크 캠핑 계곡스포츠 피그먼트 반팔티, 피그먼트브라운, L, 1개
비캔버스 전색상 돈꽃을 만들자 재테크 경제 자산관리 money 피그먼트 반팔티, 피그먼트브라운, L, 1개
비캔버스 전색상 요가 YOGA 에어로빅 다이어트 건강한 삶 피그먼트 반팔티, 피그먼트브라운, L, 1개
비캔버스 전색상 갑진년 청룡 용의 기운 예약완료 tour 호텔 피그먼트 반팔티, 피그먼트브라운, L, 1개
비캔버스 전색상 CHUNGBUK 충청북도관광 충북관광지도 충청 피그먼트 반팔티, 피그먼트브라운, L, 1개
비캔버스 전색상 알파벳 THE 단어 디자인 WORD DESIGN 피그먼트 반팔티, 피그먼트브라운, L, 1개
비캔버스 전색상 블랙프라이데이 BLACK FRIDAY 카드한도 피그먼트 반팔티, 피그먼트브라운, L, 1개
비캔버스 전색상 고양이 야옹이 물음표 놀람 잉 이게뭐야 뭐라 피그먼트 반팔티, 피그먼트브라운, L, 1개
비캔버스 전색상 요가 에어로빅 균형잡기 체조 YOGA AEROBIC 피그먼트 반팔티, 피그먼트브라운, L, 1개
비캔버스 전색상 야구 BASEBALL 넘버원 1등 우승 프로야구 피그먼트 반팔티, 피그먼트브라운, L, 1개
비캔버스 전색상 독도는 한국땅 독도는 우리땅 독도사랑해 피그먼트 반팔티, 피그먼트브라운, L, 1개
비캔버스 전색상 야구 우승컵 프로야구 야구공 BASEBALL 야구 피그먼트 반팔티, 피그먼트브라운, L, 1개
비캔버스 전색상 물놀이 카누 우리는 용감해 WE ARE BRAVE 피그먼트 반팔티, 피그먼트브라운, L, 1개
비캔버스 전색상 한국사랑 독도사랑 독도는 우리땅 독도의 날 피그먼트 반팔티, 피그먼트브라운, L, 1개
비캔버스 전색상 요가 유연성 에어로빅 YOGA SPORTS 나처럼 피그먼트 반팔티, 피그먼트브라운, L, 1개
비캔버스 전색상 봅슬레이 원형캐릭터 겨울스포츠 썰매차 눈 피그먼트 반팔티, 피그먼트브라운, L, 1개
비캔버스 전색상 하늘 SKY 뭐지 WHAT IS THAT 놀라움 몰까요 피그먼트 반팔티, 피그먼트브라운, L, 1개
비캔버스 전색상 알파벳 ONE 하나 원 일 절대자 네오 디자인 피그먼트 반팔티, 피그먼트브라운, L, 1개
비캔버스 전색상 블랙 프라이데이 검은금요일 BLACK FRIDAY 피그먼트 반팔티, 피그먼트브라운, L, 1개
비캔버스 전색상 음악듣는 미녀 나의 이상형 그녀의 음악 피그먼트 반팔티, 피그먼트브라운, L, 1개
비캔버스 전색상 갑진년 청룡 배낭여행 등산 GPS 내 위치 찾기 피그먼트 반팔티, 피그먼트브라운, L, 1개
비캔버스 전색상 독도는 우리땅 독도 DOKDO 언제까지 이야기 피그먼트 반팔티, 피그먼트브라운, L, 1개
비캔버스 전색상 스키 ski 알파인 alpine 겨울스포츠 winter 피그먼트 반팔티, 피그먼트브라운, L, 1개
비캔버스 전색상 경남 여행지도 TRAVEL MAP 관광 TOUR 여기 피그먼트 반팔티, 피그먼트브라운, L, 1개
비캔버스 전색상 메리크리스마스 성탄절 MERRY CHRISTMAS 피그먼트 반팔티, 피그먼트브라운, L, 1개
비캔버스 전색상 갑진년 청룡 쇼핑 영수증 RECEIPT 내돈내산 피그먼트 반팔티, 피그먼트브라운, L, 1개
비캔버스 전색상 독도 독도사랑 독도는 우리땅 DOKDO 독도캠 피그먼트 반팔티, 피그먼트브라운, L, 1개
비캔버스 전색상 강아지 DOG 세인트버나드 인명구조견 포도주 피그먼트 반팔티, 피그먼트브라운, L, 1개
비캔버스 전색상 나홀로 음악과 함께 이어폰 MUSIC 요즘아이들 피그먼트 반팔티, 피그먼트브라운, L, 1개
비캔버스 전색상 블랙프라이데이 BLACK FRIDAY 연말쇼핑시즌 피그먼트 반팔티, 피그먼트브라운, L, 1개
비캔버스 전색상 호캉스 hocance 호텔에서 휴가를 hotel 커피 피그먼트 반팔티, 피그먼트브라운, L, 1개
비캔버스 전색상 시력검사표 방향검사 상하좌우 대각선방향 피그먼트 반팔티, 피그먼트브라운, L, 1개
비캔버스 전색상 하늘을 바라보자 저건 뭐지 드론 UFO 비행기 피그먼트 반팔티, 피그먼트브라운, L, 1개
비캔버스 전색상 빵 BREAD 카페 명장 빵위의 과일 브런치 커피 피그먼트 반팔티, 피그먼트브라운, L, 1개
비캔버스 전색상 제주도 여행 제주관광지도 JEJU TRAVEL TOUR 피그먼트 반팔티, 피그먼트브라운, L, 1개
비캔버스 전색상 카약 KAYAKING ADVENTURE 스포츠 CAMP 피그먼트 반팔티, 피그먼트브라운, L, 1개
비캔버스 전색상 귀여운강아지 털복숭이 사모예드견 Samoyed 피그먼트 반팔티, 피그먼트브라운, L, 1개
비캔버스 전색상 자산배분 경제야 놀자 한바구니에 두지 말라 피그먼트 반팔티, 피그먼트브라운, L, 1개
비캔버스 전색상 스노우보드 SNOWBOARD 겨울스포츠 WINTER 피그먼트 반팔티, 피그먼트브라운, L, 1개
비캔버스 전색상 독도 DOKDO 독도는 한국땅 독도사랑 역사 피그먼트 반팔티, 피그먼트브라운, L, 1개
비캔버스 전색상 노트북 고양이 Cat Notebook 화면속이 비친 피그먼트 반팔티, 피그먼트브라운, L, 1개
비캔버스 전색상 갑진년 청룡 쇼핑하자 SHOPPING 돼지저금통 피그먼트 반팔티, 피그먼트브라운, L, 1개
비캔버스 전색상 알파벳 ARE 영어단어 디자인 ALPHABET YOU 피그먼트 반팔티, 피그먼트브라운, L, 1개
비캔버스 전색상 잘생긴남자 패셔니스타 유튜버 음악사랑 이어 피그먼트 반팔티, 피그먼트브라운, L, 1개
비캔버스 전색상 물을 마시자 Drinking Water 물통 비상물을 피그먼트 반팔티, 피그먼트브라운, L, 1개
비캔버스 전색상 귀여운 삼각형 캐릭터 노래부르는 캐리터 형광 피그먼트 반팔티, 피그먼트브라운, L, 1개
비캔버스 전색상 패러글라이딩 산림스포츠 paraglider 하늘을 피그먼트 반팔티, 피그먼트브라운, L, 1개
비캔버스 전색상 시력검사표 이거 보이세요 안과 안경원 시력 피그먼트 반팔티, 피그먼트브라운, L, 1개
비캔버스 전색상 오리 거위 DUCK 오리꽥꽥 반려거위 거위의 꿈 피그먼트 반팔티, 피그먼트브라운, L, 1개
비캔버스 전색상 청룡 갑진년 살까말까 쇼핑 계속 빤히 쳐다봄 피그먼트 반팔티, 피그먼트브라운, L, 1개
비캔버스 전색상 텐트 tent 야영 캠핑 Camping 산악인 캠핑족 피그먼트 반팔티, 피그먼트브라운, L, 1개
비캔버스 전색상 블랙프라이데이 Black Friday 싸게싸게 LOW 피그먼트 반팔티, 피그먼트브라운, L, 1개
비캔버스 전색상 숫자 887 하트 기념일 만난지 887일 사랑 피그먼트 반팔티, 피그먼트브라운, L, 1개
비캔버스 전색상 하늘을 바라보는 가족 드론 family 스승 피그먼트 반팔티, 피그먼트브라운, L, 1개
비캔버스 전색상 고양이커플 나만 좋아해 Cat couple 으아악 피그먼트 반팔티, 피그먼트브라운, L, 1개
비캔버스 전색상 갑진년 청룡 돈 money 머니머니해도 머니가 피그먼트 반팔티, 피그먼트브라운, L, 1개
비캔버스 전색상 테니스 신사게임 tennis 테니스공 테니스라켓 피그먼트 반팔티, 피그먼트브라운, L, 1개
비캔버스 전색상 음악듣는 여인 헤드셋 핸드폰 모바일폰 music 피그먼트 반팔티, 피그먼트브라운, L, 1개
비캔버스 전색상 독도 독도사랑 독도는 우리땅 Dokdo east sea 피그먼트 반팔티, 피그먼트브라운, L, 1개
비캔버스 전색상 물고기 sea fish 웃는얼굴 스마일 SMILE 피그먼트 반팔티, 피그먼트브라운, L, 1개
비캔버스 전색상 알파벳 HELLO 안녕 만나도 안녕 헤어져도 피그먼트 반팔티, 피그먼트브라운, L, 1개
비캔버스 전색상 Merry X mas 몬스터 가족 family 친구 friend 피그먼트 반팔티, 피그먼트브라운, L, 1개
비캔버스 전색상 펭귄 PENGUIN 펭귄도 겨울이 추워 발리 시려 피그먼트 반팔티, 피그먼트브라운, L, 1개
비캔버스 전색상 게임 친구와 게임 GAME 휴식시간 Good time 피그먼트 반팔티, 피그먼트브라운, L, 1개
비캔버스 전색상 바다 에메랄드빗 튜브 바다위의 미녀 휴가 피그먼트 반팔티, 피그먼트브라운, L, 1개
비캔버스 전색상 지붕공사 건축공사 기술자 안전제일 2인1조 피그먼트 반팔티, 피그먼트브라운, L, 1개
비캔버스 전색상 CROQUET 크로케 레크레에이션 게임 나무망치 피그먼트 반팔티, 피그먼트브라운, L, 1개
비캔버스 전색상 학교 SCHOOL 과학 쉬는시간 점심시간 알파벳 피그먼트 반팔티, 피그먼트브라운, L, 1개
비캔버스 전색상 세계남자 중동아프리카 아랍남자 무슬림 Arab 피그먼트 반팔티, 피그먼트브라운, L, 1개
비캔버스 전색상 갑진년 청룡 내위치 GPS 대한민국 지구에서의 피그먼트 반팔티, 피그먼트브라운, L, 1개
비캔버스 전색상 재즈 트럼펫 JAZZ 재즈카페 재즈클럽 음악  피그먼트 반팔티, 피그먼트브라운, L, 1개
비캔버스 전색상 흰토끼 토끼 white rabbit 내가 말이야 왕년에 피그먼트 반팔티, 피그먼트브라운, L, 1개
비캔버스 전색상 두마리 강아지 corgi dog 친구 friend 가족 피그먼트 반팔티, 피그먼트브라운, L, 1개
비캔버스 전색상 펭귄 생선 penguin 물고기 fish 신선해요 생선 피그먼트 반팔티, 피그먼트브라운, L, 1개
비캔버스 전색상 check 영어단어 체크 오늘 하루일정 체크해 피그먼트 반팔티, 피그먼트브라운, L, 1개
비캔버스 전색상 귀여운 강아지 빨간 리본 dog 귀요미 나의 벗 피그먼트 반팔티, 피그먼트브라운, L, 1개
비캔버스 전색상 청룡 갑진년 duty free 면세점 쇼핑 여행 그냥 피그먼트 반팔티, 피그먼트브라운, L, 1개
비캔버스 전색상 미국 최강미국 미국파워 american dream 성조 피그먼트 반팔티, 피그먼트브라운, L, 1개
비캔버스 전색상 오해피데이 oh happy day 즐거운 인생을 나눠 피그먼트 반팔티, 피그먼트브라운, L, 1개
비캔버스 전색상 중세군인 솔져 유럽 십자군전쟁 로마황제 교황 피그먼트 반팔티, 피그먼트브라운, L, 1개
비캔버스 전색상 육각형인간 외모 집안 성격 학력 직업 자산 피그먼트 반팔티, 피그먼트브라운, L, 1개
비캔버스 전색상 국제여성의날 international womens day 피그먼트 반팔티, 피그먼트브라운, L, 1개
비캔버스 전색상 겨울산모습 눈이내린산 여기서 썰매타고 내려 피그먼트 반팔티, 피그먼트브라운, L, 1개
비캔버스 전색상 어항속의바다 해양생물 게 불가사리 어항속의 피그먼트 반팔티, 피그먼트브라운, L, 1개
비캔버스 전색상 풍물패 북 꽹과리 한국전통놀이 전통음악 농악 피그먼트 반팔티, 피그먼트브라운, L, 1개
비캔버스 전색상 눈사람 모자쓴눈사람 당근코 녹색머플러 눈사 피그먼트 반팔티, 피그먼트브라운, L, 1개
비캔버스 전색상 붕어빵 붕어아이스크림 신사의 품격 모자쓴남 피그먼트 반팔티, 피그먼트브라운, L, 1개
비캔버스 전색상 학교생활 과학 영어 Science School 공부 cute 피그먼트 반팔티, 피그먼트브라운, L, 1개
비캔버스 전색상 이상한나비 모양 형이상학적인 나비 아름답지 피그먼트 반팔티, 피그먼트브라운, L, 1개
비캔버스 전색상 펭귄 penguin 마스코트 여기로 가세요 방향 피그먼트 반팔티, 피그먼트브라운, L, 1개
비캔버스 전색상 soccer 축구 둥근 축구공처럼 승부도 둥글다 피그먼트 반팔티, 피그먼트브라운, L, 1개
비캔버스 전색상 치맥 맥주와 치킨 혼술 금요일밤은 치맥이 피그먼트 반팔티, 피그먼트브라운, L, 1개
비캔버스 전색상 열기구 벌룬투어 다양한 애드벌룬 풍선기구 피그먼트 반팔티, 피그먼트브라운, L, 1개
비캔버스 전색상 STOP 멈춰 손들어 hands up 꼼짝마 움직이면 피그먼트 반팔티, 피그먼트브라운, L, 1개
비캔버스 전색상 닭 캐릭터 꼬끼오 어머나 닭 어쩌닭 귀여운 닭 피그먼트 반팔티, 피그먼트브라운, L, 1개
비캔버스 전색상 성탄절 크리스마스 트리 tree 산타모자 선물 피그먼트 반팔티, 피그먼트브라운, L, 1개
비캔버스 전색상 탕진잼 청룡 갑진년 돈을 그냥 태우네 나 많아 피그먼트 반팔티, 피그먼트브라운, L, 1개
비캔버스 전색상 모바일폰 생활 핸드폰 이거 하나로 모든걸 다 피그먼트 반팔티, 피그먼트브라운, L, 1개
비캔버스 전색상 가족농장 family farm 채소가꾸자 농장관리 피그먼트 반팔티, 피그먼트브라운, L, 1개
비캔버스 전색상 귀여운 고양이 cute cat 쥐인가요 쥐인듯 고양 피그먼트 반팔티, 피그먼트브라운, L, 1개
비캔버스 전색상 독수리정비공 car repairman 미캐닉 mechanic 피그먼트 반팔티, 피그먼트브라운, L, 1개
비캔버스 전색상 도너츠 DONUTS 한입먹은 도너츠 녹색크림 피그먼트 반팔티, 피그먼트브라운, L, 1개
비캔버스 전색상 영상수업 원격수업 비대면 수업 컴퓨터 COM 피그먼트 반팔티, 피그먼트브라운, L, 1개
비캔버스 전색상 치카치카 양치질 너도 나도 같이하자 brushing 피그먼트 반팔티, 피그먼트브라운, L, 1개
비캔버스 전색상 청룡 갑진년 용모자 아이모자 Dragon Hat 피그먼트 반팔티, 피그먼트브라운, L, 1개
비캔버스 전색상 꽃 Flower 로터스 lotus 연꽃 꽃들은 아름답다 피그먼트 반팔티, 피그먼트브라운, L, 1개
비캔버스 전색상 STOP 멈춰 영어단어 디자인 경고문 안내표지 피그먼트 반팔티, 피그먼트브라운, L, 1개
비캔버스 전색상 퍼즐 하나씩하나씩 퍼즐맞추기 차근차근 퍼즐 피그먼트 반팔티, 피그먼트브라운, L, 1개
비캔버스 전색상 모자쓴 남자 수염난 남자 예술가 작가 나도 피그먼트 반팔티, 피그먼트브라운, L, 1개
비캔버스 전색상 우주인 우주선 로케트 인공위성 외계인 망원경 피그먼트 반팔티, 피그먼트브라운, L, 1개
비캔버스 전색상 요가 참선 명상 기도 나를 찾기위한 YOGA 피그먼트 반팔티, 피그먼트브라운, L, 1개
비캔버스 전색상 BOY 축하한다 소년아 피그먼트 반팔티, 피그먼트브라운, L, 1개
비캔버스 전색상 아기미이라 붕대 할로윈데이 유령 귀신 피그먼트 반팔티, 피그먼트브라운, L, 1개
비캔버스 전색상 바나나 과일 BANANA 원숭이가 좋아하는과일 피그먼트 반팔티, 피그먼트브라운, L, 1개
비캔버스 전색상 주사위 노란주사위 행운의 숫자는 얼마야 피그먼트 반팔티, 피그먼트브라운, L, 1개
비캔버스 전색상 펭귄 남극 귀여운 펭귄 뒤뚱뒤둥 날아라 펭귄 피그먼트 반팔티, 피그먼트브라운, L, 1개
비캔버스 전색상 FRUIT JUICE 과일주스 키위주스 그린키위 피그먼트 반팔티, 피그먼트브라운, L, 1개
비캔버스 전색상 더블하트 아빠사랑 엄마사랑 HEART LOVE 피그먼트 반팔티, 피그먼트브라운, L, 1개
비캔버스 전색상 BYE 영어 안녕 헤어짐 GOOD BYE MY FRIEND 피그먼트 반팔티, 피그먼트브라운, L, 1개
비캔버스 전색상 시계 동그란시계 시간은 금이다 시간약속은 피그먼트 반팔티, 피그먼트브라운, L, 1개
비캔버스 전색상 중세유럽의 성 풍경 건축물 공주님이 저 성에 피그먼트 반팔티, 피그먼트브라운, L, 1개
비캔버스 전색상 영어수업 학원 English Class 선생님 알파벳 피그먼트 반팔티, 피그먼트브라운, L, 1개
비캔버스 전색상 우주복 우주인 로케트 태양계 행성 우주여행 피그먼트 반팔티, 피그먼트브라운, L, 1개
비캔버스 전색상 별 STAR 별스티커 달과 별 천사날개있는 별 피그먼트 반팔티, 피그먼트브라운, L, 1개
비캔버스 전색상 멧돼지 wild boar wild pig 멧돼지출몰 저돌 피그먼트 반팔티, 피그먼트브라운, L, 1개
비캔버스 전색상 사과 스케치 APPLE 녹색드로우닝 녹색사과 피그먼트 반팔티, 피그먼트브라운, L, 1개
비캔버스 전색상 독서하는 여인 안경 쓴 여인 선생님 교수님 피그먼트 반팔티, 피그먼트브라운, L, 1개
비캔버스 전색상 원격수업 비대면수업 온라인수업 질문 대답 피그먼트 반팔티, 피그먼트브라운, L, 1개
비캔버스 전색상 토끼군인 충성 군인 YES MAN 흰토끼 피그먼트 반팔티, 피그먼트브라운, L, 1개
비캔버스 전색상 청룡 갑진년 올해 돈복 재수복 대박난다 피그먼트 반팔티, 피그먼트브라운, L, 1개
비캔버스 전색상 눈사람 SNOW MAN 겨울 겨울모자 어릴적 피그먼트 반팔티, 피그먼트브라운, L, 1개
비캔버스 전색상 STAR 별이 떨어지는 모습 형형색색 나는 스타 피그먼트 반팔티, 피그먼트브라운, L, 1개
비캔버스 전색상 고양이얼굴 사랑에 빠진 고양이 꽃머리띠 CAT 피그먼트 반팔티, 피그먼트브라운, L, 1개
비캔버스 전색상 공원의 모습 단풍 가을풍경 하늘에서 본 가을 피그먼트 반팔티, 피그먼트브라운, L, 1개
비캔버스 전색상 곤충 애벌레 번데기가 되기 위한 준비 나비가 피그먼트 반팔티, 피그먼트브라운, L, 1개
비캔버스 전색상 스포츠클라이밍 실내클라이밍 CLIMBING 피그먼트 반팔티, 피그먼트브라운, L, 1개
비캔버스 전색상 ONION 양파 붉은양파모양 스케치 양파는 좋아 피그먼트 반팔티, 피그먼트브라운, L, 1개
비캔버스 전색상 크리스마스 트리 실내장식 성탄절 산타클로스 피그먼트 반팔티, 피그먼트브라운, L, 1개
캔버스 전색상 갑진년 용의해 청룡 일기예보 개틀려 우산두고 피그먼트 반팔티, 피그먼트브라운, L, 1개
비캔버스 전색상 겨울낚시 얼음낚시 기다림의 연속 춥지만 재미 피그먼트 반팔티, 피그먼트브라운, L, 1개
비캔버스 전색상 탕후루 과일사탕가게 아이들이 좋아하는 과일 피그먼트 반팔티, 피그먼트브라운, L, 1개
비캔버스 전색상 긴머리 남자 수염있는 터프남자 예술가 영화 피그먼트 반팔티, 피그먼트브라운, L, 1개
비캔버스 전색상 방송인 개인방송 공영방송 라디오방송 작가 피그먼트 반팔티, 피그먼트브라운, L, 1개
비캔버스 전색상 포도 포도씨유 포도탕후루 과일꼬치 포도는 피그먼트 반팔티, 피그먼트브라운, L, 1개
비캔버스 전색상 만두 교자 젓가락 간장 난 만두가 좋아 매일 피그먼트 반팔티, 피그먼트브라운, L, 1개
비캔버스 전색상 지출분석 경제 의식주 지표 상승과 하락 가계 피그먼트 반팔티, 피그먼트브라운, L, 1개
비캔버스 전색상 연필 귀여운 원캐릭터 CIRCLE PENCIL 피그먼트 반팔티, 피그먼트브라운, L, 1개
비캔버스 전색상 건축기술자 시공현장도면 설계도면 디자인을 피그먼트 반팔티, 피그먼트브라운, L, 1개
비캔버스 전색상 사과 스케치 붉은색 스케치 APPLE 사과반쪽 피그먼트 반팔티, 피그먼트브라운, L, 1개
비캔버스 전색상 고양이 짝사랑 그녀만 생각나 CAT LOVE 나의 피그먼트 반팔티, 피그먼트브라운, L, 1개
비캔버스 전색상 E스포츠 축구게임 친구와 함께 둘이서 게임 피그먼트 반팔티, 피그먼트브라운, L, 1개
비캔버스 전색상 암벽등반 스포츠 클라이밍 게임 전신운동 끈기 피그먼트 반팔티, 피그먼트브라운, L, 1개
비캔버스 전색상 패션니스타 폭죽 폭죽놀이 불꽃놀이막대 어둠 피그먼트 반팔티, 피그먼트브라운, L, 1개
비캔버스 전색상 갑진년 청룡의해 개피곤 달님과 함께 꿈나라로 피그먼트 반팔티, 피그먼트브라운, L, 1개
비캔버스 전색상 CAT 빨간모자쓴 고양이 웃는 고양이 얼굴 피그먼트 반팔티, 피그먼트브라운, L, 1개
비캔버스 전색상 성공적인 사업 파트너 우리는 한팀 one team 피그먼트 반팔티, 피그먼트브라운, L, 1개
비캔버스 전색상 중세유럽시대 건물 중세 성 중세마을 풍경 피그먼트 반팔티, 피그먼트브라운, L, 1개
비캔버스 전색상 야구 BASEBALL 야구동호회 야구장 치맥 응원 피그먼트 반팔티, 피그먼트브라운, L, 1개
비캔버스 전색상 현상수배 포스터 WANTED 전단지 너는 내꺼 피그먼트 반팔티, 피그먼트브라운, L, 1개
비캔버스 전색상 커피음료 COFFEE 커피는 사랑 아메리카노 피그먼트 반팔티, 피그먼트브라운, L, 1개
비캔버스 전색상 녹색 괴물 귀여운 괴물 누워있는 괴물 피그먼트 반팔티, 피그먼트브라운, L, 1개
비캔버스 전색상 CARAK 이쁜 산호초 모양과 색깔 남태평양 피그먼트 반팔티, 피그먼트브라운, L, 1개
비캔버스 전색상 CAT 파란겨울모자를 쓴 고양이 파란 목도리 피그먼트 반팔티, 피그먼트브라운, L, 1개
비캔버스 전색상 귀여운 토끼 웃는 모습의 토끼 흰토끼 화이트 피그먼트 반팔티, 피그먼트브라운, L, 1개
비캔버스 전색상 주사위 하나 셋 넷만 보이네 주사위를 던져봐 피그먼트 반팔티, 피그먼트브라운, L, 1개
비캔버스 전색상 사랑 하트모양 사랑이 깨진 하트 갈라진 마음 피그먼트 반팔티, 피그먼트브라운, L, 1개
비캔버스 전색상 친구 동료 회사친구 이봐 힘내 우리가 있잖아 피그먼트 반팔티, 피그먼트브라운, L, 1개
비캔버스 전색상 재즈음악 JAZZ 피아노 재즈카페 재즈음악에 피그먼트 반팔티, 피그먼트브라운, L, 1개
비캔버스 전색상 수학시간 삼각형 사각형 원 산수 수학선생님 피그먼트 반팔티, 피그먼트브라운, L, 1개
비캔버스 전색상 시험공부하는 고양이 시험공부하는 강아지열공 피그먼트 반팔티, 피그먼트브라운, L, 1개
비캔버스 전색상 야구 야구경지장 야구공 프로야구 9명이 뛰는 피그먼트 반팔티, 피그먼트브라운, L, 1개
비캔버스 전색상 사장님 CEO 알파벳 디자인 나는 사장이다 피그먼트 반팔티, 피그먼트브라운, L, 1개
비캔버스 전색상 12지신 COW 소띠 소는 일꾼이자 자산 평생 피그먼트 반팔티, 피그먼트브라운, L, 1개
비캔버스 전색상 응원 만점 시험응원 수능응원 합격기원 피그먼트 반팔티, 피그먼트브라운, L, 1개
비캔버스 전색상 강아지 푸들 POODLE 밤색푸들 엎드려있는 피그먼트 반팔티, 피그먼트브라운, L, 1개
비캔버스 전색상 겨울풍경 산속의 눈 친구들과 산책 강아지 피그먼트 반팔티, 피그먼트브라운, L, 1개
비캔버스 전색상 거울보는 여자 스케치 아름다운 여인 거울만 피그먼트 반팔티, 피그먼트브라운, L, 1개
비캔버스 전색상 GO GO 그냥 가는거야 고고 자전거는 멈추면 피그먼트 반팔티, 피그먼트브라운, L, 1개
비캔버스 전색상 토끼 RABBIT 토끼의 사랑 토끼의 착각 날 좋아 피그먼트 반팔티, 피그먼트브라운, L, 1개
비캔버스 전색상 청룡의해 갑진년 돈이 들어온다 돈이 들어와 피그먼트 반팔티, 피그먼트브라운, L, 1개
비캔버스 전색상 ZOMBIE 좀비 공포영화 오늘은 좀비 영화 피그먼트 반팔티, 피그먼트브라운, L, 1개
비캔버스 전색상 골프 실내골프장 필드 골프매너 골프복장GOLF 피그먼트 반팔티, 피그먼트브라운, L, 1개
비캔버스 전색상 축구 SOCCER FOOTBALL 축구공은 둥글다 피그먼트 반팔티, 피그먼트브라운, L, 1개
비캔버스 전색상 노란별 YELLOW STAR 원형방패모양 디자인 피그먼트 반팔티, 피그먼트브라운, L, 1개
비캔버스 전색상 비둘기 평화의 상징 구구구 비둘기에게 먹이를 피그먼트 반팔티, 피그먼트브라운, L, 1개
비캔버스 전색상 강아지 귀여운 강아지 내친구 강아지 POODLE 피그먼트 반팔티, 피그먼트브라운, L, 1개
비캔버스 전색상 서핑 SURFING 여름 해변 SUMMER BEACH 피그먼트 반팔티, 피그먼트브라운, L, 1개
비캔버스 전색상 돼지 핑크돼지 돼지띠 돼지저금통 꿈속에서 피그먼트 반팔티, 피그먼트브라운, L, 1개
비캔버스 전색상 수고했어 오늘도 위로의 말 집에 왔을때 듣고 피그먼트 반팔티, 피그먼트브라운, L, 1개
비캔버스 전색상 친구와 뜨개질 귀여운 바다거북과 풀과의 피그먼트 반팔티, 피그먼트브라운, L, 1개
비캔버스 전색상 기하학 도형 조각 광물구조 현미경으로 바라본 피그먼트 반팔티, 피그먼트브라운, L, 1개
비캔버스 전색상 여인의 초상화 옆모습 유명한 명화 미술 피그먼트 반팔티, 피그먼트브라운, L, 1개
비캔버스 전색상 빨간리본 선물포장 리본넥타이 Red Ribbon 피그먼트 반팔티, 피그먼트브라운, L, 1개
비캔버스 전색상 음료수 디저트 과일주스 카페 칵테일 모히또 피그먼트 반팔티, 피그먼트브라운, L, 1개
비캔버스 전색상 루돌프 사슴 산타할아버지 썰매 코만 보여 피그먼트 반팔티, 피그먼트브라운, L, 1개
비캔버스 전색상 DOG 강아지 누렁이 강아지는 꼬리를 흔든다 피그먼트 반팔티, 피그먼트브라운, L, 1개
비캔버스 전색상 겨울스포츠 스키 SKI 흰눈사이로 스키를 타고 피그먼트 반팔티, 피그먼트브라운, L, 1개
비캔버스 전색상 축구 SOCCER 전반전 후반전 연장전 패널티킥 피그먼트 반팔티, 피그먼트브라운, L, 1개
비캔버스 전색상 야옹이 친구들 CAT 커플고양이 너는 나의 반쪽 피그먼트 반팔티, 피그먼트브라운, L, 1개
비캔버스 전색상 돌고래 바다 돌핀 동물원의 돌고래보다 바다속 피그먼트 반팔티, 피그먼트브라운, L, 1개
비캔버스 전색상 산장의 벽난로 사슴뿔이 있는 산장 불멍 겨울 피그먼트 반팔티, 피그먼트브라운, L, 1개
비캔버스 전색상 고양이 섹시한 고양이 뒷모습 야옹이 CAT 피그먼트 반팔티, 피그먼트브라운, L, 1개
비캔버스 전색상 청룡 캐릭터 해외여행 비행기 배낭여행은 즐거 피그먼트 반팔티, 피그먼트브라운, L, 1개
비캔버스 전색상 겨울 따뜻한 커피한잔 물살에 맡기며 여유 피그먼트 반팔티, 피그먼트브라운, L, 1개
비캔버스 전색상 나의 가족 농장체험 Healing Farm 아빠 엄마랑 피그먼트 반팔티, 피그먼트브라운, L, 1개
비캔버스 전색상 과일캐릭터 자전거타는 모습 그녀의 자전거 피그먼트 반팔티, 피그먼트브라운, L, 1개
비캔버스 전색상 테니스 챔피언 tennis 유럽스포츠 신사스포츠 피그먼트 반팔티, 피그먼트브라운, L, 1개
비캔버스 전색상 겨울노란모자 털모자 겨울에는 모자가 필요해 피그먼트 반팔티, 피그먼트브라운, L, 1개
비캔버스 전색상 서핑 실내서핑강습 웨이크서핑 SURFING 바다 피그먼트 반팔티, 피그먼트브라운, L, 1개
비캔버스 전색상 강아지 얼굴 귀여운 강아지 CUTE PUPPY 강아 피그먼트 반팔티, 피그먼트브라운, L, 1개
비캔버스 전색상 숫자 초하나 4각형 4등분 FOUR 사사오입 피그먼트 반팔티, 피그먼트브라운, L, 1개
비캔버스 전색상 스카이다이빙 슈퍼맨을 꿈꾸며 쌍안경 넥타이 피그먼트 반팔티, 피그먼트브라운, L, 1개
비캔버스 전색상 정의실현 변호사 검사 판사 법조계 법앞평등 피그먼트 반팔티, 피그먼트브라운, L, 1개
비캔버스 전색상 축구 SOCCER 챔피언 축구매력에 유럽축구 피그먼트 반팔티, 피그먼트브라운, L, 1개
비캔버스 전색상 CANOE 카누 계곡 산 캠핑 야영 강물의 흐름 피그먼트 반팔티, 피그먼트브라운, L, 1개
비캔버스 전색상 흰머리독수리 American Eagle 미국상징 USA 피그먼트 반팔티, 피그먼트브라운, L, 1개
비캔버스 전색상 숫자 9 NUMBER NINE 촛불 구구콘 아홉수 피그먼트 반팔티, 피그먼트브라운, L, 1개
비캔버스 전색상 ELEPHANT 엘리펀트 코끼리 알파벳 E 코끼리 피그먼트 반팔티, 피그먼트브라운, L, 1개
비캔버스 전색상 캠핑 CAMPING 야생 WILD LIFE 탐험가 피그먼트 반팔티, 피그먼트브라운, L, 1개
비캔버스 전색상 KAYAKING 스포츠 캠프 동강 캠핑족들의 취미 피그먼트 반팔티, 피그먼트브라운, L, 1개
비캔버스 전색상 VULTURE 알파벳V 독수리 콘도르 솔개 하늘왕 피그먼트 반팔티, 피그먼트브라운, L, 1개
비캔버스 전색상 강아지 어쩌라구 난 몰라 뻔뻔한 강아지 모습 피그먼트 반팔티, 피그먼트브라운, L, 1개
비캔버스 전색상 숫자 팔 eight 8 눈사람모양 촛불 뫼비우스띠 피그먼트 반팔티, 피그먼트브라운, L, 1개
비캔버스 전색상 WILD CAMP 모험 취미 낚시 나침반 보트 피그먼트 반팔티, 피그먼트브라운, L, 1개
비캔버스 전색상 당구 에잇볼 포켓당구 쿠션 4구 힘과 두께조절 피그먼트 반팔티, 피그먼트브라운, L, 1개
비캔버스 전색상 축구 SOCCER 프리미어리그 유럽은 축구 전쟁 피그먼트 반팔티, 피그먼트브라운, L, 1개
비캔버스 전색상 광주관광지도 광주에서 가볼곳 광주는 처음 피그먼트 반팔티, 피그먼트브라운, L, 1개
비캔버스 전색상 원숭이 MONKEY 알파벳 M 원숭이띠 인기쟁이 피그먼트 반팔티, 피그먼트브라운, L, 1개
비캔버스 전색상 도너츠 알록달록 푸른색 도너츠는 튜브모양 피그먼트 반팔티, 피그먼트브라운, L, 1개
비캔버스 전색상 야구 BASEBALL GAME 야구는 투수놀음 직구 피그먼트 반팔티, 피그먼트브라운, L, 1개
비캔버스 전색상 밖으로 나가라 그리고 탐험하라 차박 카라반 피그먼트 반팔티, 피그먼트브라운, L, 1개
비캔버스 전색상 정의의 지팡이 민중의 지팡이 뱃지 피그먼트 반팔티, 피그먼트브라운, L, 1개
비캔버스 전색상 청룡의 해 용용 죽겠지 모닥불 피워놓고 마주 피그먼트 반팔티, 피그먼트브라운, L, 1개
비캔버스 전색상 곤충 캐릭터 풍뎅이 사슴벌레와 개미의 싸움 피그먼트 반팔티, 피그먼트브라운, L, 1개
비캔버스 전색상 U로 시작하는 동물 letter u for urial 야생양 피그먼트 반팔티, 피그먼트브라운, L, 1개
비캔버스 전색상 산 등산탐험대 캠핑 밖으로 나와 탐험해라 피그먼트 반팔티, 피그먼트브라운, L, 1개
비캔버스 전색상 야구 야구공 회전력 108개 실밥 홈런볼 탱탱볼 피그먼트 반팔티, 피그먼트브라운, L, 1개
비캔버스 전색상 해양동식물 Marine Exhibition 해양 전시회 피그먼트 반팔티, 피그먼트브라운, L, 1개
비캔버스 전색상 WINE FEST 와인축제 포도주 와인페스티벌 피그먼트 반팔티, 피그먼트브라운, L, 1개
비캔버스 전색상 서울여행 서울지도 서울관광지 K문화 K뮤직 피그먼트 반팔티, 피그먼트브라운, L, 1개
비캔버스 전색상 당나귀 DONKEY 산초 판자 돈키호테 알파벳D 피그먼트 반팔티, 피그먼트브라운, L, 1개
비캔버스 전색상 Lion 사자 알파벳 L자 형상화 사자자리 피그먼트 반팔티, 피그먼트브라운, L, 1개
비캔버스 전색상 크로케 CROQUET 게이트볼과 비슷한 스포츠 피그먼트 반팔티, 피그먼트브라운, L, 1개
비캔버스 전색상 도너츠 초코도넛 디저트 카페 CAFE Donuts 피그먼트 반팔티, 피그먼트브라운, L, 1개
비캔버스 전색상 타임세일 마트 SALE 매진임박 서두르세요 피그먼트 반팔티, 피그먼트브라운, L, 1개
비캔버스 전색상 베이커리 명장 BREAD BRUNCH 빵은 커피랑 피그먼트 반팔티, 피그먼트브라운, L, 1개
비캔버스 전색상 푸른 잠자리 DRAGONFLY 나는 아직은 어린가 피그먼트 반팔티, 피그먼트브라운, L, 1개
비캔버스 전색상 아이스하키 Ice hokey 스피드 있고 격렬한 피그먼트 반팔티, 피그먼트브라운, L, 1개
비캔버스 전색상 해양 OCEAN 산호초 바다속으로 자유를 느껴 피그먼트 반팔티, 피그먼트브라운, L, 1개
비캔버스 전색상 여름캠프 캠핑 Summer Camping 산과 강 피그먼트 반팔티, 피그먼트브라운, L, 1개
비캔버스 전색상 등산 마운틴 캠핑 야영 텐트 자연속으로 피그먼트 반팔티, 피그먼트브라운, L, 1개
비캔버스 전색상 농구 basketball 덩그슛 만화 나의 우상이야 피그먼트 반팔티, 피그먼트브라운, L, 1개
비캔버스 전색상 야구 BASEBALL 야구공 헬멧 야구배트 시리즈 피그먼트 반팔티, 피그먼트브라운, L, 1개
비캔버스 전색상 음료수 카페 CAFE TEA 차 한잔의 여유 SLOW 피그먼트 반팔티, 피그먼트브라운, L, 1개
비캔버스 전색상 꼬마신랑 꼬마각시 애동 명절 결혼기념일 한복 피그먼트 반팔티, 피그먼트브라운, L, 1개
비캔버스 전색상 남자셋 여자둘 신입사원 패기 동기는 하나다 피그먼트 반팔티, 피그먼트브라운, L, 1개
비캔버스 전색상 머플러 스카프 패션 겨울옷 목도리 겨울패션 피그먼트 반팔티, 피그먼트브라운, L, 1개
비캔버스 전색상 아이 러브 썸머 비오는날은 물놀이 하는 날 피그먼트 반팔티, 피그먼트브라운, L, 1개
비캔버스 전색상 사과 농산물시장 Apple 과일가게 피그먼트 반팔티, 피그먼트브라운, L, 1개
비캔버스 전색상 제과 빵명장 BAKERY 모닝 런치세트 CAFE 피그먼트 반팔티, 피그먼트브라운, L, 1개
비캔버스 전색상 눈썰매장 썰매놀이 엄마와 함께 30분 피그먼트 반팔티, 피그먼트브라운, L, 1개
비캔버스 전색상 수박 녹색 통통소리 들어보고 맛을 예상 과일 피그먼트 반팔티, 피그먼트브라운, L, 1개
비캔버스 전색상 열대기후 열대식물 여름휴가 열대나무는 신기 피그먼트 반팔티, 피그먼트브라운, L, 1개
비캔버스 전색상 뉴스 NEWS 신문 갑진년 청룡 마스코트 난감 피그먼트 반팔티, 피그먼트브라운, L, 1개
비캔버스 전색상 무지개 우산 RAINBOW 우비소녀 무지개다리 피그먼트 반팔티, 피그먼트브라운, L, 1개
비캔버스 전색상 쥐띠 자축인묘 톰과제리 고양이를 피해라 피그먼트 반팔티, 피그먼트브라운, L, 1개
비캔버스 전색상 샤인 머스캣 SHINE MUSCAT 과일가게 포도 피그먼트 반팔티, 피그먼트브라운, L, 1개
비캔버스 전색상 연날리기 신년놀이 전통놀이 방패연 가오리연 피그먼트 반팔티, 피그먼트브라운, L, 1개
비캔버스 전색상 갑진년 청룡 마스코트 쇼핑중독 장바구니 깜놀 피그먼트 반팔티, 피그먼트브라운, L, 1개
비캔버스 전색상 Comedy show 코미디 쇼 디너쇼 버라이어티쇼 피그먼트 반팔티, 피그먼트브라운, L, 1개
비캔버스 전색상 크리스마스 성탄절 가족행복 선물 피그먼트 반팔티, 피그먼트브라운, L, 1개
비캔버스 전색상 싸이클 CYCLE 스포츠 자전거 라이딩 riding 피그먼트 반팔티, 피그먼트브라운, L, 1개
비캔버스 전색상 운동 헬스 바벨 Barbell 웨이트 트레이닝 피그먼트 반팔티, 피그먼트브라운, L, 1개
비캔버스 전색상 별동자 별마스코트 와우 개학이다 학교가자 피그먼트 반팔티, 피그먼트브라운, L, 1개
비캔버스 전색상 갑진년 청룡의 해 이모티콘 빠른배송 택배 피그먼트 반팔티, 피그먼트브라운, L, 1개
비캔버스 전색상 학창시절 공부 독서 음악 나의청춘시절 그립다 피그먼트 반팔티, 피그먼트브라운, L, 1개
비캔버스 전색상 GO 알파벳 영어단어 IF YOU GO I GO 힘내라 피그먼트 반팔티, 피그먼트브라운, L, 1개
비캔버스 전색상 호랑이 TIGER 호돌이 호순이 얼핏보면 고양이 피그먼트 반팔티, 피그먼트브라운, L, 1개
비캔버스 전색상 숫자 1 2 3 하나 둘 셋 일 이삼 원 투 쓰리 피그먼트 반팔티, 피그먼트브라운, L, 1개
비캔버스 전색상 딸기 초코크림 디저트 초코랑 우리에게 단맛 피그먼트 반팔티, 피그먼트브라운, L, 1개
비캔버스 전색상 키위 KIWI 과일가게 농산물시장 황금색키위 피그먼트 반팔티, 피그먼트브라운, L, 1개
비캔버스 전색상 사슴 천사같은 꽃사슴 산타클로스와 헤어졌나 피그먼트 반팔티, 피그먼트브라운, L, 1개
비캔버스 전색상 무지개색 똥 꽃향기가 똥에서 나네요 똥꿈꾸면 피그먼트 반팔티, 피그먼트브라운, L, 1개
비캔버스 전색상 죠스 상어 무지개색 글자 공포영화 죠스무서워 피그먼트 반팔티, 피그먼트브라운, L, 1개
비캔버스 전색상 오렌지 Orange 과일가게 농산물시장 비타민 피그먼트 반팔티, 피그먼트브라운, L, 1개
비캔버스 전색상 코끼리 엘리펀트 elephant 무지개색 코끼리 피그먼트 반팔티, 피그먼트브라운, L, 1개
비캔버스 전색상 사자 LION 사자의심장 라이온 사자자리 피그먼트 반팔티, 피그먼트브라운, L, 1개
비캔버스 전색상 하나님 하느님 기독교 성경글 너희는 나의백성 피그먼트 반팔티, 피그먼트브라운, L, 1개
비캔버스 전색상 복숭아 과일과게 농산물시장 천도복숭아 피그먼트 반팔티, 피그먼트브라운, L, 1개
비캔버스 전색상 모터싸이클 85 motor cycle 레이스카 피그먼트 반팔티, 피그먼트브라운, L, 1개
비캔버스 전색상 숫자 25 Number IF 25시간 25일 25년 25세 피그먼트 반팔티, 피그먼트브라운, L, 1개
비캔버스 전색상 메리 크리스마스 성탄절 해피뉴이어 Christmas 피그먼트 반팔티, 피그먼트브라운, L, 1개
비캔버스 전색상 홈쇼핑 유튜브방송 음식요리 엄마는 요리사 피그먼트 반팔티, 피그먼트브라운, L, 1개
비캔버스 전색상 숫자 1 Number one 너는 나의 영원한넘버원 피그먼트 반팔티, 피그먼트브라운, L, 1개
비캔버스 전색상 산업재해 중대재해법 전기사고 감전 안전교육 피그먼트 반팔티, 피그먼트브라운, L, 1개
비캔버스 전색상 잉어빵 붕어빵 길거리음식 간식 겨울 줄서서 피그먼트 반팔티, 피그먼트브라운, L, 1개
비캔버스 전색상 잠자리 곤충 Dragonfly 황금빛의 잠자리를 피그먼트 반팔티, 피그먼트브라운, L, 1개
비캔버스 전색상 Hello Summer 와우 여름이다 야자수 밑에서 피그먼트 반팔티, 피그먼트브라운, L, 1개
비캔버스 전색상 나비 BUTTER FLY 붉은 나비 마스코트 날개를 피그먼트 반팔티, 피그먼트브라운, L, 1개
비캔버스 전색상 HELLO SUMMER 여름휴가 수박 더위에 피그먼트 반팔티, 피그먼트브라운, L, 1개
비캔버스 전색상 향수병 디자인 향수의 유혹 향기가 사람을 피그먼트 반팔티, 피그먼트브라운, L, 1개
비캔버스 전색상 크리스마스 성탄절 noel 겨울 성탄절 마음따뜻 피그먼트 반팔티, 피그먼트브라운, L, 1개
비캔버스 전색상 클라이밍 암벽등반 팔힘 운동 등산 유연성 피그먼트 반팔티, 피그먼트브라운, L, 1개
비캔버스 전색상 커피 마시는 남자 모닝커피 TAKE OUT 피그먼트 반팔티, 피그먼트브라운, L, 1개
비캔버스 전색상 설향 눈속에 피어난 향기로운 딸기 과일 신선 피그먼트 반팔티, 피그먼트브라운, L, 1개
비캔버스 전색상 타로 운세 촛불 미래예언 신점 역술가 별자리 피그먼트 반팔티, 피그먼트브라운, L, 1개
비캔버스 전색상 공원사진 단풍 가을 가을공원길은 사색의시간 피그먼트 반팔티, 피그먼트브라운, L, 1개
비캔버스 전색상 세종대왕 한글날 훈민정음 한글 세계화 피그먼트 반팔티, 피그먼트브라운, L, 1개
비캔버스 전색상 햄버거와 콜라 HAMBURGER COKE 패스트 피그먼트 반팔티, 피그먼트브라운, L, 1개
비캔버스 전색상 2024 갑진년 용의해 청룡의 해 복을 부르고 피그먼트 반팔티, 피그먼트브라운, L, 1개
비캔버스 전색상 갑진년 용의해 청룡의 해 마스코트 푸른꿈 피그먼트 반팔티, 피그먼트브라운, L, 1개
비캔버스 전색상 해변 휴가 여름을 즐기자 BEACH VACA 피그먼트 반팔티, 피그먼트브라운, L, 1개
비캔버스 전색상 핵융합 반응 화학반응 폭발이미지 너를 향한 피그먼트 반팔티, 피그먼트브라운, L, 1개
비캔버스 전색상 아이스크림 콘 귀여운 아이스크림 마스코트 피그먼트 반팔티, 피그먼트브라운, L, 1개
비캔버스 전색상 서울여행 K문화 K뮤직 한강 서울지도 서울 피그먼트 반팔티, 피그먼트브라운, L, 1개
비캔버스 전색상 알파벳 A모양 ALLIGATOR 앨리게이터 영어 피그먼트 반팔티, 피그먼트브라운, L, 1개
비캔버스 전색상 캠핑 산으로 가자 자연과 함께 나만의 시간 피그먼트 반팔티, 피그먼트브라운, L, 1개
비캔버스 전색상 HELLO SUMMER 여름휴가 선인장 더위 피그먼트 반팔티, 피그먼트브라운, L, 1개
비캔버스 전색상 야구 가을야구를 위해 파이팅 야구는 인생 피그먼트 반팔티, 피그먼트브라운, L, 1개
비캔버스 전색상 REST TIME 휴식시간 금색 알파벳 TIME글자 피그먼트 반팔티, 피그먼트브라운, L, 1개
비캔버스 전색상 여름 더위 선풍기 수박 여름휴가는 선풍기 피그먼트 반팔티, 피그먼트브라운, L, 1개
비캔버스 전색상 해먹에 있는 곰돌이 잠자는 곰 낮잠 야영 캠프 피그먼트 반팔티, 피그먼트브라운, L, 1개
비캔버스 전색상 고양이 꽃 독서 카푸치노 책 읽는 고양이 피그먼트 반팔티, 피그먼트브라운, L, 1개
비캔버스 전색상 HAPPY HOLIDAY 휴가 축제 파티 여인 행복 피그먼트 반팔티, 피그먼트브라운, L, 1개
비캔버스 전색상 쓰레기통 청소합시다 나쁜감정 여기에 버려 피그먼트 반팔티, 피그먼트브라운, L, 1개
비캔버스 전색상 친구 우정 회사동료 게임 세로형과 둥근형 피그먼트 반팔티, 피그먼트브라운, L, 1개
비캔버스 전색상 BLACK PORK 흑돼지 제주를 담은 돼지 피그먼트 반팔티, 피그먼트브라운, L, 1개
비캔버스 전색상 거리풍경 프리티 우먼 WOW PRETTY WOMAN 피그먼트 반팔티, 피그먼트브라운, L, 1개
비캔버스 전색상 아프리카 물소 아메리카 들소 소뿔 버팔로 피그먼트 반팔티, 피그먼트브라운, L, 1개
비캔버스 전색상 WHAT ARE YOU DOING 말보다는 행동 피그먼트 반팔티, 피그먼트브라운, L, 1개
비캔버스 전색상 농구선수 농구 스포츠 농구공 마스코트 피그먼트 반팔티, 피그먼트브라운, L, 1개
비캔버스 전색상 곰 흑곰 곰이미지 마스코트 곰 화나면 무서워 피그먼트 반팔티, 피그먼트브라운, L, 1개
비캔버스 전색상 NO SMOKING 금연 NO글자 흡연금지 피그먼트 반팔티, 피그먼트브라운, L, 1개
비캔버스 전색상 흰고양이 애완묘 고양이가 돼지가 웃는 야옹 피그먼트 반팔티, 피그먼트브라운, L, 1개
비캔버스 전색상 흰고래 whale biggest in the world 반쪽은 피그먼트 반팔티, 피그먼트브라운, L, 1개
비캔버스 전색상 썸머의 여인 사랑을 위한 여행을 바닷가로 피그먼트 반팔티, 피그먼트브라운, L, 1개
비캔버스 전색상 좋은글 괜찮아 잘 될거야 눈부신 널 믿어 피그먼트 반팔티, 피그먼트브라운, L, 1개
비캔버스 전색상 SWAG GIRL HIP HOP 패션 나만의 멋 피그먼트 반팔티, 피그먼트브라운, L, 1개
비캔버스 전색상 KEEP ON DANCING 춤은 나를 댄스배틀 피그먼트 반팔티, 피그먼트브라운, L, 1개
비캔버스 전색상 힙합 나는야 자유로운 영혼 빨간 군복바지 피그먼트 반팔티, 피그먼트브라운, L, 1개
비캔버스 전색상 외계인 헤드폰 옐로우 하트 뮤직 라이프 피그먼트 반팔티, 피그먼트브라운, L, 1개
비캔버스 전색상 나무늘보 가족 엄마의 시간은 다르다 피그먼트 반팔티, 피그먼트브라운, L, 1개
비캔버스 전색상 독도사랑 외로운 섬하나 새들의 고향 우리땅 피그먼트 반팔티, 피그먼트브라운, L, 1개
비캔버스 전색상 강아지 불독 프렌치 불독 단단한 체구 든든함 피그먼트 반팔티, 피그먼트브라운, L, 1개
비캔버스 전색상 강아지 포메라니안 귀요미 이쁜이 친구행복 피그먼트 반팔티, 피그먼트브라운, L, 1개
비캔버스 전색상 녹색 뿌리깊은 나무 뿌리가 길어야 높게 자라 피그먼트 반팔티, 피그먼트브라운, L, 1개
비캔버스 전색상 토끼모자 귀염둥이 함박웃음 인형극 지금처럼 피그먼트 반팔티, 피그먼트브라운, L, 1개
비캔버스 전색상 성탄절강아지 시베리안 허스키 카리스마 귀요 피그먼트 반팔티, 피그먼트브라운, L, 1개
비캔버스 전색상 고양이 커플 친구 사랑하는 연인 애완묘 피그먼트 반팔티, 피그먼트브라운, L, 1개
비캔버스 전색상 가족여행 자동차 아빠는 드라이버 띠띠빵빵 피그먼트 반팔티, 피그먼트브라운, L, 1개
비캔버스 전색상 앵두 과일 새콤달콤 탱글탱글 앵두같은 내입술 피그먼트 반팔티, 피그먼트브라운, L, 1개
비캔버스 전색상 참치 TUNA 참다랑어 어떻게 하지 참치맛을 피그먼트 반팔티, 피그먼트브라운, L, 1개
비캔버스 전색상 참치 TUNA 참치초밥 참치까나페 참치눈물주 피그먼트 반팔티, 피그먼트브라운, L, 1개
비캔버스 전색상 참치 TUNA 참다랑어 참치까나페 내돈내산 피그먼트 반팔티, 피그먼트브라운, L, 1개
비캔버스 전색상 조개속의 진주 대박 너희가 진주를 알아 피그먼트 반팔티, 피그먼트브라운, L, 1개
비캔버스 전색상 파란 종이 비행기 떴다떴다 비행기 날아라 피그먼트 반팔티, 피그먼트브라운, L, 1개
비캔버스 전색상 큰개 구조견 세인트버나드 스위스 인명구조견 피그먼트 반팔티, 피그먼트브라운, L, 1개
비캔버스 전색상 녹색식물 화분 조각난 화분 분단은 아쉽 피그먼트 반팔티, 피그먼트브라운, L, 1개
비캔버스 전색상 알파벳 R 롤러스케이트 고고 롤러장 피그먼트 반팔티, 피그먼트브라운, L, 1개
비캔버스 전색상 거미 흑과백 얼룩무늬형태 얼룩무늬거미 피그먼트 반팔티, 피그먼트브라운, L, 1개
비캔버스 전색상 한국전통문양 단청무늬 불교미술 꽃보다 피그먼트 반팔티, 피그먼트브라운, L, 1개
비캔버스 전색상 404 사영사 에러메세지 오류 이거 보이면 당황 피그먼트 반팔티, 피그먼트브라운, L, 1개
비캔버스 전색상 돌고래 돌핀보이 바다속 친구 돌고래는 영리해 피그먼트 반팔티, 피그먼트브라운, L, 1개
비캔버스 전색상 스파이더 타란튤라 나도 스파이더맨이 될까 피그먼트 반팔티, 피그먼트브라운, L, 1개
비캔버스 전색상 낚시 섬마을어부 바위섬 고기잡이 만선의 꿈 피그먼트 반팔티, 피그먼트브라운, L, 1개
비캔버스 전색상 소띠 소는 버릴것이 없다 죽을때까지 일만 해 피그먼트 반팔티, 피그먼트브라운, L, 1개
비캔버스 전색상 해양동물 게 섰거라 밥도둑 난 익으면 빨개져 피그먼트 반팔티, 피그먼트브라운, L, 1개
비캔버스 전색상 닭 치킨 닭띠 나는 닭이야 맥주는 어디에 있나 피그먼트 반팔티, 피그먼트브라운, L, 1개
비캔버스 전색상 복싱 스포츠 헝그리 복서 록키 발보아 돌주먹 피그먼트 반팔티, 피그먼트브라운, L, 1개
비캔버스 전색상 닭 치킨 나는 병아리야 내 친구는 아직 계란속 피그먼트 반팔티, 피그먼트브라운, L, 1개
비캔버스 전색상 강아지 푸들 곱슬곱슬한 너는 나의 단짝친구 피그먼트 반팔티, 피그먼트브라운, L, 1개
비캔버스 전색상 강아지 닥스훈트 짧은다리 너는 나의 행복 피그먼트 반팔티, 피그먼트브라운, L, 1개
비캔버스 전색상 독도사랑 동남쪽 누가 뭐래도 독도는 우리땅 피그먼트 반팔티, 피그먼트브라운, L, 1개
비캔버스 전색상 거위가족 거위엄마사랑 거위의꿈 난 꿈이 있어 피그먼트 반팔티, 피그먼트브라운, L, 1개
비캔버스 전색상 놀이동산 회전목마 아빠와 같이 가족여행 피그먼트 반팔티, 피그먼트브라운, L, 1개
비캔버스 전색상 COSMOS 우주비행사가 되고 싶어 우주여행 피그먼트 반팔티, 피그먼트브라운, L, 1개
비캔버스 전색상 성탄절 크리스마스 산타할아버지는 굴뚝타기 피그먼트 반팔티, 피그먼트브라운, L, 1개
비캔버스 전색상 비둘기부부 비둘기처럼 다정한 사람들이라면 피그먼트 반팔티, 피그먼트브라운, L, 1개
비캔버스 전색상 붉은거미 스파이더 거미줄 스파이더맨이 될까 피그먼트 반팔티, 피그먼트브라운, L, 1개
비캔버스 전색상 괴물 개구리 몬스터 프로그 MONSTER FROG 피그먼트 반팔티, 피그먼트브라운, L, 1개
비캔버스 전색상 텍사스 댈러스매버릭스 휴스턴애스토로스 피그먼트 반팔티, 피그먼트브라운, L, 1개
비캔버스 전색상 NUMBER 숫자 넘버 원 투 쓰리 하나 둘 셋 피그먼트 반팔티, 피그먼트브라운, L, 1개
비캔버스 전색상 NUMBER 숫자 원 투 쓰리 이찌 하나 둘 셋 피그먼트 반팔티, 피그먼트브라운, L, 1개
비캔버스 전색상 세종대왕 훈민정음 신기한 한글나라 피그먼트 반팔티, 피그먼트브라운, L, 1개
비캔버스 전색상 거미 스파이더 거미줄 어떤 스파이더맨이 피그먼트 반팔티, 피그먼트브라운, L, 1개
비캔버스 전색상 색의자 알록달록 카페의자 공간연출 피그먼트 반팔티, 피그먼트브라운, L, 1개
비캔버스 전색상 해변 카니발 정열의 브라질 나라 피그먼트반팔티 열정축제 피그먼트 반팔티, 피그먼트브라운, L, 1개
비캔버스 전색상 씨위드어스 남자배구 배구대회 발리볼컵대회 피그먼트반팔티 피그먼트 반팔티, 피그먼트브라운, L, 1개
비캔버스 전색상 레져스포츠 바이크라이딩 싸이클 피그먼트 반팔티, 피그먼트브라운, L, 1개
비캔버스 전색상 식사시간 필요 냉전 풍경 대화 피그먼트 반팔티, 피그먼트브라운, L, 1개
비캔버스 전색상 야구유니폼 야구용품 사랑해요 야구게임 피그먼트 반팔티, 피그먼트브라운, L, 1개
비캔버스 전색상 프라이데이 피그먼트반팔티 FRIDAY BLACK 피그먼트 반팔티, 피그먼트브라운, L, 1개
비캔버스 전색상 생선 fish 32수2합 신선해요 penguin 생선 펭귄 피그먼트 반팔티, 피그먼트브라운, L, 1개
비캔버스 전색상 양파 스케치 ONION 좋아 피그먼트 반팔티, 피그먼트브라운, L, 1개
비캔버스 전색상 해 용이여 비상 피그먼트 반팔티, 피그먼트브라운, L, 1개
비캔버스 전색상 하트 뿜뿜 커플 러브커플 연인 사랑하는 커플 피그먼트 반팔티, 피그먼트브라운, L, 1개
비캔버스 전색상 눈사람 하트 눈사람을 만들다 눈사람에게 피그먼트 반팔티, 피그먼트브라운, L, 1개
비캔버스 전색상 음료수 ADE 자몽에이드 레몬에이드 아이스차 피그먼트 반팔티, 피그먼트브라운, L, 1개
비캔버스 전색상 기학학 추상적인 디자인 Geometrical 원과 점 피그먼트 반팔티, 피그먼트브라운, L, 1개
비캔버스 전색상 열대 우림 새 큰부리 투카노 축하파티 열대 피그먼트 반팔티, 피그먼트브라운, L, 1개
비캔버스 전색상 인공위성 우주통신 Satellite 로켓과학 피그먼트 반팔티, 피그먼트브라운, L, 1개
비캔버스 전색상 너 자신을 믿어라 마음가짐 마인드컨트롤 피그먼트 반팔티, 피그먼트브라운, L, 1개
비캔버스 전색상 커플새 사랑 입맞춤 키스 KISS LOVE BIRDS 피그먼트 반팔티, 피그먼트브라운, L, 1개
비캔버스 전색상 와인 시음회 WINE TASTING 포도주 맛 감정 피그먼트 반팔티, 피그먼트브라운, L, 1개
비캔버스 전색상 KAYAK SPORT CAMP 카얔 카야크 캠프 피그먼트 반팔티, 피그먼트브라운, L, 1개
비캔버스 전색상 간지철철 키큰 남자 에술가 스타일 건축가 피그먼트 반팔티, 피그먼트브라운, L, 1개
비캔버스 전색상 갑진년 청룡 원플러스원 하나사면 하나더 쇼핑 피그먼트 반팔티, 피그먼트브라운, L, 1개
비캔버스 전색상 HELLO SUMMER 여름휴가 선인장 더위 피그먼트 반팔티, 피그먼트브라운, L, 1개
비캔버스 전색상 친구 우정 회사동료 게임 세로형과 둥근형 피그먼트 반팔티, 피그먼트브라운, L, 1개
비캔버스 전색상 흰고래 whale biggest in the world 반쪽은 피그먼트 반팔티, 피그먼트브라운, L, 1개
비캔버스 전색상 좋은글 괜찮아 잘 될거야 눈부신 널 믿어 피그먼트 반팔티, 피그먼트브라운, L, 1개
비캔버스 전색상 거미 블랙위도우거미 거미줄 스파이더맨 피그먼트 반팔티, 피그먼트브라운, L, 1개
비캔버스 전색상 향수파티 백화점 향수가게 피그먼트 반팔티, 피그먼트브라운, L, 1개
비캔버스 전색상 촛대 예술가 미술가 공예 피그먼트 반팔티, 피그먼트브라운, L, 1개
비캔버스 전색상 화가 미술 예술 모형 붓 피그먼트 반팔티, 피그먼트브라운, L, 1개
비캔버스 전색상 치타 만화동물 캐릭터 피그먼트 반팔티, 피그먼트브라운, L, 1개
비캔버스 전색상 후드티 귀여운 남자 브이 피그먼트 반팔티, 피그먼트브라운, L, 1개
비캔버스 전색상 돼지지적 똥 범인은 너지 피그먼트 반팔티, 피그먼트브라운, L, 1개